# horn notes (or any)	song notes	effect 1 (@ = yourself only)	effect 2 (played again while effect 1 lasts)	duration in seconds (with Horn Maestro)	extension in seconds (with Horn Maestro)
# From the Monster Hunter Wiki's MH3U song tables (white, purple and orange note horns). See docs/formats.md.
any	white,white	@Movement Speed Up	@Attack Deflection Prevention	180(240)	+90(+120)
blue,red,white	white,red,red	Attack Boost (S)	Attack Boost Bonus	120(150)	+90(+120)
blue,red,white	white,blue,blue	Defense Boost (S)	Defense Boost Bonus	120(150)	+90(+120)
blue,red,white	red,blue,white	Health Boost (S)		180(240)	
blue,red,white	blue,blue,red	Wind Pressure Negated	All Wind Pressure Negated	180(240)	+120(+180)
green,red,white	white,red,red	Attack Boost (S)	Attack Boost Bonus	120(150)	+90(+120)
green,red,white	white,green,white	Health Recovery (S)			
green,red,white	green,green,red,white	Recovery Speed Up (S)		120(150)	
red,sky,white	white,red,red	Attack Boost (S)	Attack Boost Bonus	120(150)	+90(+120)
red,sky,white	red,red,sky	Heat Cancel		240(300)	
red,sky,white	sky,red,sky	Cold Cancel		240(300)	
red,sky,white	sky,sky,sky	Snow/ Mud Negated		180(240)	
red,sky,white	sky,sky,red,white	Hearing Protection (S)	Hearing Protection (L)	180(240)	
red,white,yellow	white,red,red	Attack Boost (S)	Attack Boost Bonus	120(150)	+90(+120)
red,white,yellow	yellow,red,white	Fire Resistance Boost (S)	Fire Resistance Boost Bonus	120(150)	
red,white,yellow	yellow,yellow,yellow	Sonic Waves			
blue,green,white	white,blue,blue	Defense Boost (S)	Defense Boost Bonus	120(150)	+90(+120)
blue,green,white	white,green,white	Health Recovery (S)			
blue,green,white	white,green,blue	Negate Stamina Use (S)	Negate Stamina Duration Bonus	90(120)	+60(+90)
blue,green,white	blue,blue,green	Wind Pressure Negated	All Wind Pressure Negated	180(240)	+120(+180)
blue,green,white	green,blue,white,blue	Health Rec (S) & Antidote			
blue,sky,white	white,blue,blue	Defense Boost (S)	Defense Boost Bonus	120(150)	+90(+120)
blue,sky,white	white,blue,sky	@Psychic		30(60)	
blue,sky,white	white,sky,blue	Negate Stamina Use (S)	Negate Stamina Duration Bonus	90(120)	+60(+90)
blue,sky,white	blue,blue,sky	Wind Pressure Negated	All Wind Pressure Negated	180(240)	+120(+180)
blue,sky,white	sky,sky,sky	Snow/ Mud Negated		180(240)	
blue,white,yellow	white,blue,blue	Defense Boost (S)	Defense Boost Bonus	120(150)	+90(+120)
blue,white,yellow	white,yellow,blue	Negate Stamina Use (S)	Negate Stamina Duration Bonus	90(120)	+60(+90)
blue,white,yellow	yellow,blue,white	Ice Resistance Boost (S)	Ice Resistance Boost Bonus	120(150)	
blue,white,yellow	yellow,yellow,yellow	Sonic Waves			
green,sky,white	white,green,white	Health Recovery (S)			
green,sky,white	green,white,sky,green	Health Rec (M) & Deodorant			
green,sky,white	sky,sky,sky	Snow/ Mud Negated		180(240)	
green,sky,white	sky,sky,green,white	Hearing Protection (S)	Hearing Protection (L)	180(240)	
green,white,yellow	white,green,white	Health Recovery (S)			
green,white,yellow	green,green,yellow,white	Recovery Speed Up (S)		120(150)	
green,white,yellow	yellow,green,white	Thunder Resistance Boost (S)	Thunder Resistance Boost Bonus	120(150)	
green,white,yellow	yellow,yellow,yellow	Sonic Waves			
sky,white,yellow	white,yellow,sky	Dragon Resistance Boost (S)	Dragon Resistance Boost Bonus	120(150)	
sky,white,yellow	sky,sky,sky	Snow/ Mud Negated		180(240)	
sky,white,yellow	sky,sky,yellow	Tremor Resistance		180(240)	
sky,white,yellow	sky,yellow,white	Negate Paralysis		180(240)	
sky,white,yellow	yellow,sky,white	Water Resistance Boost (S)	Water Resistance Boost Bonus	120(150)	
sky,white,yellow	yellow,sky,yellow,sky	Elemental Attack Boost	Elemental Attack Boost Bonus	90(120)	+60(+90)
sky,white,yellow	yellow,yellow,yellow	Sonic Waves			
any	purple,purple	@Movement Speed Up	@Attack Deflection Prevention	180(240)	+90(+120)
blue,purple,red	purple,red,blue,purple	Attack Boost (L)	Attack Boost Bonus	90(120)	+60(+90)
blue,purple,red	purple,blue,blue,purple	Defense Boost (L)	Defense Boost Bonus	90(120)	+60(+90)
blue,purple,red	red,blue,red,purple	Health Boost (L)		180(240)	
blue,purple,red	blue,blue,red	Wind Pressure Negated	All Wind Pressure Negated	180(240)	+120(+180)
green,purple,red	purple,red,green,purple	Attack Boost (L)	Attack Boost Bonus	90(120)	+60(+90)
green,purple,red	purple,green,purple	Health Recovery (S)			
green,purple,red	green,green,red,purple	Recovery Speed Up (L)		120(150)	
purple,red,sky	purple,red,sky,purple	Attack Boost (L)	Attack Boost Bonus	90(120)	+60(+90)
purple,red,sky	red,red,sky	Heat Cancel		240(300)	
purple,red,sky	sky,red,sky	Cold Cancel		240(300)	
purple,red,sky	sky,sky,red,purple	Hearing Protection (S)	Hearing Protection (L)	180(240)	
purple,red,sky	sky,sky,sky	Snow/ Mud Negated		180(240)	
purple,red,yellow	purple,red,yellow	Attack Boost (S)	Attack Boost Bonus	120(150)	+90(+120)
purple,red,yellow	yellow,red,purple	Fire Resistance Boost (L)	Fire Resistance Boost Bonus	120(150)	
purple,red,yellow	yellow,yellow,yellow	Sonic Waves			
blue,green,purple	purple,blue,blue,purple	Defense Boost (L)	Defense Boost Bonus	90(120)	+60(+90)
blue,green,purple	purple,green,purple	Health Recovery (S)			
blue,green,purple	purple,green,blue,green	Negate Stamina Use (L)	Negate Stamina Duration Bonus	120(150)	+90(+120)
blue,green,purple	blue,blue,green	Wind Pressure Negated	All Wind Pressure Negated	180(240)	+120(+180)
blue,green,purple	green,blue,purple,blue	Health Rec (M) & Antidote			
blue,purple,sky	purple,blue,blue,purple	Defense Boost (L)	Defense Boost Bonus	90(120)	+60(+90)
blue,purple,sky	purple,blue,sky	@Psychic		30(60)	
blue,purple,sky	purple,sky,blue,sky	Negate Stamina Use (L)	Negate Stamina Duration Bonus	120(150)	+90(+120)
blue,purple,sky	blue,blue,sky	Wind Pressure Negated	All Wind Pressure Negated	180(240)	+120(+180)
blue,purple,sky	sky,blue,purple	Negate Stun		180(240)	
blue,purple,sky	sky,sky,sky	Snow/ Mud Negated		180(240)	
blue,purple,yellow	purple,blue,blue,purple	Defense Boost (L)	Defense Boost Bonus	90(120)	+60(+90)
blue,purple,yellow	purple,yellow,blue	Negate Stamina Use (L)	Negate Stamina Duration Bonus	120(150)	+90(+120)
blue,purple,yellow	blue,blue,yellow,purple	All Wind Pressure Negated		180(240)	
blue,purple,yellow	yellow,blue,purple	Ice Resistance Boost (L)	Ice Resistance Boost Bonus	120(150)	
blue,purple,yellow	yellow,yellow,yellow	Sonic Waves			
green,purple,sky	purple,green,purple	Health Recovery (S)			
green,purple,sky	green,green,purple,sky	Health Recovery (L)			
green,purple,sky	sky,sky,green,purple	Hearing Protection (L)		180(240)	
green,purple,sky	sky,sky,sky	Snow/ Mud Negated		180(240)	
green,purple,yellow	purple,green,purple	Health Recovery (S)			
green,purple,yellow	purple,green,yellow,green	Elemental Attack Boost	Elemental Attack Boost Bonus	90(120)	+60(+90)
green,purple,yellow	green,yellow,purple,yellow	Divine Protection		120(150)	
green,purple,yellow	green,green,yellow	Recovery Speed Up (S)		120(150)	
green,purple,yellow	yellow,green,purple	Thunder Resistance Boost (L)	Thunder Resistance Boost Bonus	120(150)	
green,purple,yellow	yellow,yellow,yellow	Sonic Waves			
purple,sky,yellow	purple,yellow,sky	Dragon Resistance Boost (L)	Dragon Resistance Boost Bonus	120(150)	
purple,sky,yellow	yellow,sky,purple	Water Resistance Boost (L)	Water Resistance Boost Bonus	120(150)	
purple,sky,yellow	yellow,sky,yellow,sky	Elemental Attack Boost	Elemental Attack Boost Bonus	90(120)	+60(+90)
purple,sky,yellow	yellow,yellow,yellow	Sonic Waves			
purple,sky,yellow	sky,sky,sky	Snow/ Mud Negated		180(240)	
purple,sky,yellow	sky,sky,yellow	Tremor Resistance		180(240)	
purple,sky,yellow	sky,yellow,purple	Negate Paralysis		180(240)	
orange,purple,red	purple,orange,orange,red	Attack Boost (L)	Attack Boost Bonus	90(120)	+60(+90)
orange,purple,red	red,orange,red,purple	Knockback Protection		45(60)	
orange,purple,red	orange,red,orange	Melody Durations Extended			+30(+40)
blue,orange,purple	orange,blue,purple,blue	Attack & Defense Boost (S)	Attack and Defense Boost Bonus	120(150)	+90(+120)
blue,orange,purple	purple,blue,blue,purple	Defense Boost (L)	Defense Boost Bonus	90(120)	+60(+90)
blue,orange,purple	purple,orange,blue,orange	Negate Stamina Use (L)	Negate Stamina Duration Bonus	120(150)	+90(+120)
blue,orange,purple	blue,blue,orange	Wind Pressure Negated	All Wind Pressure Negated	180(240)	+120(+180)
orange,purple,sky	purple,orange,purple,sky	Divine Protection		120(150)	
orange,purple,sky	sky,purple,orange,orange	Abnormal Status Negated	Abnormal Status Negated Duration Bonus	120(150)	+60(+90)
orange,purple,sky	sky,sky,sky	Snow/ Mud Negated		180(240)	
orange,purple,sky	sky,orange,orange,purple	Status Attack Boost	Status Attack Boost Bonus	90(120)	+60(+90)
green,orange,purple	purple,green,purple	Health Recovery (S)			
green,orange,purple	green,orange,purple,orange	Health Rec (S) & Affinity Boost	Health Rec (S) & Affinity Boost Bonus	120(150)	+90(+120)
green,orange,purple	orange,orange,green,purple	Hearing Protection (L)		180(240)	
orange,purple,yellow	purple,yellow,orange,yellow	Hearing Protection (S) & Wind Pressure Negated	Hearing Protection (L) & All Wind Pressure Negated	180(240)	
orange,purple,yellow	purple,orange,yellow,orange	Elemental Attack Boost	Elemental Attack Boost Bonus	90(120)	+60(+90)
orange,purple,yellow	yellow,yellow,yellow	Sonic Waves			
orange,purple,yellow	yellow,orange,purple	Blight Resistance Boost	Blight Resistance Boost Bonus	90(120)	+60(+90)
orange,purple,yellow	orange,yellow,yellow,orange	Blights Negated		120(150)	
