# kind	game id	name	sharpness (red..purple)	with Sharpness +1	element or status: name:value:hidden until Awaken	gunlance shell (shell=type:level), switch axe phial (phial=type) or horn notes (notes=colors)
# From Kiranico's Monster Hunter 3 Ultimate database, joined to the game's weapons by name. See docs/formats.md.
7	1	Iron Sword	20,9,4,0,0,0,0	20,9,15,0,0,0,0	Ice:50:1	
7	2	Iron Sword+	15,9,9,0,0,0,0	15,9,20,0,0,0,0	Ice:80:1	
7	3	Buster Sword	15,9,20,0,0,0,0	15,9,26,4,0,0,0	Ice:120:1	
7	4	Buster Sword+	7,7,30,0,0,0,0	7,7,37,4,0,0,0	Ice:150:1	
7	5	Buster Blade	9,9,20,7,0,0,0	9,9,20,17,0,0,0	Ice:180:1	
7	6	Ravager Blade	11,7,28,9,0,0,0	11,7,28,20,0,0,0	Ice:210:1	
7	7	Ravager Blade+	15,9,26,15,0,0,0	15,9,26,20,7,0,0	Ice:250:1	
7	8	Lacerator Blade	22,11,22,11,11,0,0	22,11,22,11,20,2,0	Ice:330:1	
7	9	Devastator Blade	22,11,22,11,20,2,0	22,11,22,11,20,9,4	Ice:410:1	
7	10	Chrome Razor	22,11,22,11,20,2,0	22,11,22,11,20,13,0	Poison:600:1	
7	11	Chrome Quietus	22,20,15,9,15,7,0	22,20,15,9,15,17,0	Poison:750:1	
7	12	Brazenwall	11,15,17,11,0,0,0	11,15,17,22,0,0,0	Fire:200:1	
7	13	Crimsonwall	9,9,20,17,0,0,0	9,9,20,28,0,0,0	Fire:250:1	
7	14	Cragscliff	22,11,22,22,0,0,0	22,11,22,33,0,0,0	Fire:310:1	
7	15	Goliath's Scream	22,11,22,33,0,0,0	22,11,22,43,0,0,0	Fire:350:1	
7	16	Hidden Blade	13,11,24,20,9,0,0	13,11,24,20,13,7,0	Para:160:1	
7	17	Dark of Night	11,9,26,26,13,2,0	11,9,26,26,13,13,0	Para:220:1	
7	18	Avidya Great Sword	9,13,17,26,15,7,0	9,13,17,26,15,15,2	Para:300:1	
7	19	Eclipse Blade	22,11,11,11,22,11,0	22,11,11,11,22,13,9	Poison:220:0	
7	20	Merak's Asterism	22,11,11,11,22,13,9	22,11,11,11,22,13,9	Poison:280:0	
7	21	Type 41 Wyvernator	7,4,37,7,0,0,0	7,4,37,17,0,0,0	Water:200:0	
7	22	Remalgalypse	20,15,15,22,4,0,0	20,15,15,22,11,4,0	Water:280:0	
7	23	Remalgagorgon	20,15,15,22,11,4,0	20,15,15,22,11,15,0	Water:400:0	
7	24	Rugged Great Sword	15,9,26,4,0,0,0	15,9,26,15,0,0,0	Sleep:110:1	
7	25	Chieftain's Grt Swd	17,15,9,13,0,0,0	17,15,9,24,0,0,0	Sleep:170:1	
7	26	High Chief's Grt Swd	11,7,28,20,0,0,0	11,7,28,22,9,0,0	Sleep:220:1	
7	27	Lagiacrus Blade	11,15,17,11,0,0,0	11,15,17,22,0,0,0	Thunder:80:0	
7	28	Lagiacrus Blade+	13,7,22,13,0,0,0	13,7,22,22,2,0,0	Thunder:130:0	
7	29	High Lagia Blade	13,11,24,17,0,0,0	13,11,24,20,9,0,0	Thunder:170:0	
7	30	Lagia Lightning	13,7,22,22,2,0,0	13,7,22,22,13,0,0	Thunder:210:0	
7	31	Lagia Wildfire	13,9,26,22,7,0,0	13,9,26,22,9,9,0	Thunder:250:0	
7	32	Neo Lagia Blade	9,13,17,28,7,2,0	9,13,17,28,7,13,0	Thunder:310:0	
7	33	Lagia Fulmination	9,13,17,28,7,13,0	9,13,17,28,7,20,4	Thunder:400:0	
7	34	Usurper's Storm	15,7,22,20,2,0,0	15,7,22,20,13,0,0	Thunder:250:0	
7	35	Despot's Blackstorm	26,4,9,20,7,0,0	26,4,9,20,17,0,0	Thunder:300:0	
7	36	Oppressor's Forger	9,20,22,7,15,4,0	9,20,22,7,15,15,0	Thunder:400:0	
7	37	Orcus Tonitrus	30,11,4,2,20,9,0	30,11,4,2,20,20,0	Thunder:570:0	
7	38	Nether Great Sword	9,13,17,11,24,13,0	9,13,17,11,24,22,2	Thunder:630:0	
7	39	Nether Lufactrus	30,11,4,2,20,20,0	30,11,4,2,20,26,4	Thunder:700:0	
7	40	Brimstren Drakepride	30,2,4,26,9,4,0	30,2,4,26,9,13,2	Dragon:400:0	
7	41	Stygian Acedia	37,2,4,26,7,11,0	37,2,4,26,7,13,9	Dragon:480:0	
7	42	Carapace Sword	11,9,26,9,0,0,0	11,9,26,20,0,0,0	Water:100:1	
7	43	Carapace Blade	9,9,20,17,0,0,0	9,9,20,28,0,0,0	Water:150:1	
7	44	Barroth Smasher	9,9,20,28,0,0,0	9,9,20,37,2,0,0		
7	45	Aurora Blade	9,9,20,37,2,0,0	9,9,20,37,11,2,0	Ice:350:0	
7	46	Northern Lights	20,15,4,30,2,4,0	20,15,4,30,2,15,0	Ice:450:0	
7	47	Northern Cross	20,15,4,30,2,15,0	20,15,4,30,2,26,0	Ice:520:0	
7	48	Viking Hornsword	15,9,11,30,0,0,0	15,9,11,33,9,0,0	Water:250:0	
7	49	Ancharius Sword	22,9,15,15,15,0,0	22,9,15,15,20,7,0	Water:450:0	
7	50	Excalius Sword	24,13,11,13,24,2,0	24,13,11,13,24,13,0	Water:580:0	
7	51	Bone Blade	17,9,7,0,0,0,0	17,9,17,0,0,0,0	Poison:100:1	
7	52	Bone Blade+	15,7,11,0,0,0,0	15,7,22,0,0,0,0	Poison:130:1	
7	53	Jawblade	11,7,15,0,0,0,0	11,7,26,0,0,0,0	Poison:150:1	
7	54	Giant Jawblade	4,20,20,0,0,0,0	4,20,30,0,0,0,0	Poison:200:1	
7	55	Red Wing	9,9,20,17,0,0,0	9,9,20,28,0,0,0	Fire:160:0	
7	56	Rathalos Firesword	7,4,37,17,0,0,0	7,4,37,26,2,0,0	Fire:220:0	
7	57	Rathalos Flamesword	33,4,17,20,2,0,0	33,4,17,20,9,4,0	Fire:280:0	
7	58	Blue Wing	13,9,26,22,7,0,0	13,9,26,22,9,9,0	Fire:340:0	
7	59	Rathalos Glinsword	7,7,30,24,4,4,0	7,7,30,24,4,15,0	Fire:400:0	
7	60	Rathalos Gleamsword	7,7,30,24,9,11,0	7,7,30,24,9,15,7	Fire:520:0	
7	61	Dios Blade	11,15,17,22,0,0,0	11,15,17,22,11,0,0	Slime:200:0	
7	62	Dios Blade+	11,15,17,22,11,0,0	11,15,17,22,17,4,0	Slime:250:0	
7	63	Demolition Sword	17,9,24,22,13,2,0	17,9,24,22,13,11,2	Slime:400:0	
7	64	Myxo Demolisher	11,15,17,22,17,4,0	11,15,17,22,17,11,4	Slime:480:0	
7	65	Valkyrie Blade	41,4,13,7,0,0,0	41,4,13,17,0,0,0	Poison:100:0	
7	66	Sieglinde	24,22,11,9,0,0,0	24,22,11,13,7,0,0	Poison:120:0	
7	67	High Sieglinde	22,20,15,9,0,0,0	22,20,15,9,11,0,0	Poison:160:0	
7	68	Titania	13,7,22,22,2,0,0	13,7,22,22,13,0,0	Poison:200:0	
7	69	Blushing Dame	20,15,17,17,7,0,0	20,15,17,17,13,4,0	Poison:240:0	
7	70	Ljósálfar	20,15,17,17,13,4,0	20,15,17,17,13,15,0	Poison:300:0	
7	71	Brünnhilde	20,9,24,15,13,7,0	20,9,24,15,13,13,4	Poison:380:0	
7	72	Siegmund	15,13,9,17,0,0,0	15,13,9,28,0,0,0	Fire:150:1	
7	73	High Siegmund	11,9,26,20,0,0,0	11,9,26,26,4,0,0	Fire:240:1	
7	74	Reddnaught	24,22,11,13,11,7,0	24,22,11,13,11,15,2	Fire:540:1	
7	75	Auberon	15,9,11,33,9,0,0	15,9,11,33,15,4,0	Dragon:100:0	
7	76	Pale Kaiser	15,7,22,20,15,9,0	15,7,22,20,15,13,7	Dragon:320:0	
7	77	Golem Blade	4,20,30,0,0,0,0	4,20,41,0,0,0,0	Dragon:150:1	
7	78	Blade of Talos	4,20,30,0,0,0,0	4,20,48,4,0,0,0	Dragon:200:1	
7	79	Blade of Tartarus	4,20,48,4,0,0,0	4,20,48,4,2,2,7	Dragon:320:1	
7	80	Wyvern Jawblade	17,15,9,13,0,0,0	17,15,9,24,0,0,0		
7	81	Quarrel Hornsword	9,9,20,17,0,0,0	9,9,20,28,0,0,0		
7	82	Quarrel Hornsword+	13,9,11,22,0,0,0	13,9,11,33,0,0,0		
7	83	Double Diablos	9,9,20,28,0,0,0	9,9,20,37,2,0,0		
7	84	Cera Cigil	20,15,4,26,0,0,0	20,15,4,30,2,4,0		
7	85	Cera Cymmetry	22,9,22,33,2,0,0	22,9,22,33,7,4,2		
7	86	Ludroth Bone Sword	7,15,22,0,0,0,0	7,15,33,0,0,0,0	Water:100:1	
7	87	Cataclysm Sword	13,11,24,7,0,0,0	13,11,24,17,0,0,0	Water:100:0	
7	88	Cataclysm Blade	9,13,17,15,0,0,0	9,13,17,26,0,0,0	Water:130:0	
7	89	Icicle Fang	11,9,26,20,0,0,0	11,9,26,26,4,0,0	Ice:170:0	
7	90	Icicle Fang+	9,13,17,26,0,0,0	9,13,17,26,11,0,0	Ice:210:0	
7	91	Paladire	9,13,17,26,15,7,0	9,13,17,26,15,15,2	Ice:250:0	
7	92	Galespike	7,4,37,26,2,0,0	7,4,37,26,13,0,0	Water:420:1	
7	93	Simoom Sandbarb	22,11,22,30,2,0,0	22,11,22,30,13,0,0	Water:620:1	
7	94	Simoom Sandbiter	22,11,11,39,4,0,0	22,11,11,39,4,4,7	Water:700:1	
7	95	Finblade	15,7,9,35,0,0,0	15,7,9,35,11,0,0	Water:240:0	
7	96	Plesioth Watercutter	15,7,9,35,11,0,0	15,7,9,35,22,0,0	Water:300:0	
7	97	Plesioth Aquablade	15,7,9,35,22,0,0	15,7,9,35,22,4,7	Water:450:0	
7	98	Plesioth Lullaby	13,7,22,22,13,0,0	13,7,22,22,22,2,0	Sleep:300:0	
7	99	Plesioth Lullabane	13,7,22,22,22,2,0	13,7,22,22,22,13,0	Sleep:380:0	
7	100	Wyvern's Perch	9,4,4,26,0,0,0	9,4,4,37,0,0,0	Poison:400:0	
7	101	Roguish Deathcap	9,4,4,57,2,0,0	9,4,4,57,13,0,0	Poison:600:0	
7	102	Lordly Deathcap	9,4,4,57,13,0,0	9,4,4,57,17,7,0	Poison:990:0	
7	103	Amethyst Blade	22,11,11,11,15,7,0	22,11,11,11,15,17,0	Poison:440:0	
7	104	Miasmethyst	22,11,11,11,15,17,0	22,11,11,11,15,28,0	Poison:580:0	
7	105	Berserker Sword	22,11,22,11,11,0,0	22,11,22,11,20,2,0	Dragon:100:1	
7	106	Anguish	7,13,35,17,15,0,0	7,13,35,17,15,11,0	Dragon:200:1	
7	107	Nero's Anguish	22,11,22,11,20,2,0	22,11,22,11,20,9,4	Dragon:250:1	
7	108	Frozen Speartuna	26,4,9,15,0,0,0	26,4,9,20,7,0,0	Ice:380:0	
7	109	Freezer Speartuna	26,4,9,20,7,0,0	26,4,9,20,17,0,0	Ice:580:0	
7	110	Xiphias Gladius	26,4,9,20,17,0,0	26,4,9,20,22,7,0	Ice:730:0	
7	111	Vulcanis	9,9,20,7,0,0,0	9,9,20,17,0,0,0	Slime:100:1	
7	112	Vulcanis+	13,9,11,11,0,0,0	13,9,11,22,0,0,0	Slime:150:1	
7	113	Vulcanvil	9,9,20,17,0,0,0	9,9,20,28,0,0,0	Slime:200:1	
7	114	Vulcamagnon	15,7,22,20,2,0,0	15,7,22,20,13,0,0	Slime:250:1	
7	115	Vulcatastrophe	15,9,11,33,9,0,0	15,9,11,33,15,4,0	Slime:400:1	
7	116	Vulca Vendetta	11,9,26,26,13,2,0	11,9,26,26,13,13,0	Slime:620:1	
7	117	Rusted Great Sword	28,15,0,0,0,0,0	28,22,4,0,0,0,0	Dragon:100:1	
7	118	Tarnished Great Swd	28,22,4,0,0,0,0	28,22,11,4,0,0,0	Dragon:100:1	
7	119	Ancient Blade	13,7,22,13,0,0,0	13,7,22,22,2,0,0	Dragon:220:0	
7	120	Elder Monument	11,7,28,20,0,0,0	11,7,28,22,9,0,0	Dragon:300:0	
7	121	Eternal Glyph	11,7,28,22,9,0,0	11,7,28,22,17,2,0	Dragon:340:0	
7	122	Worn Great Sword	28,4,0,0,0,0,0	28,15,0,0,0,0,0	Dragon:100:1	
7	123	Weathered Great Swd	33,4,7,0,0,0,0	33,4,17,0,0,0,0	Dragon:100:1	
7	124	Epitaph Blade	22,15,17,9,11,2,0	22,15,17,9,11,13,0	Dragon:550:0	
7	125	Epitaph Eternal	22,20,15,9,15,7,0	22,20,15,9,15,17,0	Dragon:700:0	
7	126	Alatreon Great Sword	7,15,35,15,2,2,0	7,15,35,15,2,13,0	Dragon:300:0	
7	127	Alatreon Revolution	7,15,35,15,2,13,0	7,15,35,15,2,13,11	Dragon:450:0	
7	128	Altheos Evolutia	7,15,35,15,2,13,11	7,15,35,15,2,13,11	Dragon:580:0	
7	129	Megiddo Blaze	28,22,11,11,9,7,0	28,22,11,11,9,11,7	Fire:600:0	
7	130	The Depotheosis	22,11,11,11,22,7,4	22,11,11,11,22,7,15	Fire:720:0	
7	136	Lion's Bane	11,9,26,26,4,0,0	11,9,26,26,13,2,0	Dragon:200:1	
7	137	Anima Reaper	57,2,4,7,7,11,0	57,2,4,7,7,22,0	Fire:780:1	
7	138	Eisenfaust	46,2,4,22,2,0,0	46,2,4,22,11,2,0		
8	1	Hunter's Knife	17,9,7,0,0,0,0	17,9,17,0,0,0,0	Ice:50:1	
8	2	Hunter's Knife+	11,7,15,0,0,0,0	11,7,26,0,0,0,0	Ice:100:1	
8	3	Hunter's Dagger	11,7,26,0,0,0,0	11,7,28,9,0,0,0	Ice:130:1	
8	4	Assassin's Dagger	15,13,9,7,0,0,0	15,13,9,17,0,0,0	Ice:130:1	
8	5	Icicle Spike	17,9,24,15,0,0,0	17,9,24,22,4,0,0	Ice:130:0	
8	6	Icicle Spike+	11,4,37,13,0,0,0	11,4,37,13,11,0,0	Ice:140:0	
8	7	Nardebosche	30,7,15,11,2,0,0	30,7,15,11,13,0,0	Ice:150:0	
8	8	Nardebosche+	11,13,11,20,11,0,0	11,13,11,20,22,0,0	Ice:170:0	
8	9	Cryo Cross	26,13,11,11,15,0,0	26,13,11,11,24,2,0	Ice:190:0	
8	10	Grey Brume	22,15,17,17,4,0,0	22,15,17,17,15,0,0	Ice:210:0	
8	11	Gran Bhavani	9,13,17,28,4,15,0	9,13,17,28,4,22,4	Ice:230:0	
8	12	Spiked Saber	9,17,22,4,11,2,0	9,17,22,4,11,13,0	Fire:150:1	
8	13	Clawed Saber	7,22,22,7,15,15,0	7,22,22,7,15,24,2	Fire:160:1	
8	14	Serevento	7,22,22,7,15,24,2	7,22,22,7,15,24,2	Fire:170:1	
8	15	Shadow Saber	15,7,9,13,0,0,0	15,7,9,24,0,0,0	Poison:210:0	
8	16	Shadow Saber+	7,15,17,15,0,0,0	7,15,17,26,0,0,0	Poison:250:0	
8	17	Toxic Fang	15,9,26,22,4,0,0	15,9,26,22,11,4,0	Poison:290:0	
8	18	Hellt Epee	11,9,28,26,11,2,0	11,9,28,26,11,13,0	Poison:360:0	
8	19	Hellnox Epee	11,15,17,22,17,4,0	11,15,17,22,17,11,4	Poison:400:0	
8	20	Hidden Edge	11,15,15,15,17,2,0	11,15,15,15,17,13,0	Poison:100:1	
8	21	Flash in the Night	22,15,17,17,11,4,0	22,15,17,17,11,15,0	Poison:130:1	
8	22	Avidya Edge	9,9,17,41,9,13,0	9,9,17,41,9,13,0	Poison:150:1	
8	23	Eclipse Edge	13,9,9,41,9,13,4	13,9,9,41,9,13,4	Poison:170:1	
8	24	Phecda's Asterism	17,4,7,39,9,11,11	17,4,7,39,9,11,11	Poison:180:1	
8	25	Soldier's Dagger	9,13,11,0,0,0,0	9,13,17,4,0,0,0	Poison:100:1	
8	26	Commander's Dagger	22,7,15,0,0,0,0	22,7,24,2,0,0,0	Poison:130:1	
8	27	Hydra Knife	13,7,22,2,0,0,0	13,7,22,13,0,0,0	Poison:150:1	
8	28	Hydra Knife+	11,15,17,11,0,0,0	11,15,17,22,0,0,0	Poison:200:1	
8	29	Deadly Knife	17,7,26,15,0,0,0	17,7,26,22,4,0,0	Poison:230:1	
8	30	Baumfäller	24,13,13,13,2,0,0	24,13,13,13,13,0,0	Water:150:1	
8	31	Dendrotomy	22,9,22,11,13,0,0	22,9,22,11,22,2,0	Water:170:1	
8	32	Plutocatena	24,15,17,9,9,2,0	24,15,17,9,9,13,0	Water:200:1	
8	33	Hypnos Knife	13,9,9,13,0,0,0	13,9,9,24,0,0,0	Sleep:150:0	
8	34	Hypnos Knife+	15,13,2,13,0,0,0	15,13,2,24,0,0,0	Sleep:190:0	
8	35	Morpheus Knife	11,15,17,22,0,0,0	11,15,17,22,11,0,0	Sleep:220:0	
8	36	Plesioth Finspike	7,4,41,22,13,0,0	7,4,41,22,13,11,0	Sleep:240:0	
8	37	Plesioth Direspike	15,9,9,37,13,4,0	15,9,9,37,13,11,4	Sleep:280:0	
8	38	Dirty Baron	7,15,15,17,0,0,0	7,15,15,24,4,0,0	Poison:120:0	
8	39	Dirty Marquis	26,4,9,20,7,0,0	26,4,9,20,17,0,0	Poison:120:0	
8	40	Dirty Graf	15,7,20,20,22,4,0	15,7,20,20,22,15,0	Poison:550:1	
8	41	Azi Dahaka	13,13,4,13,0,0,0	13,13,4,24,0,0,0	Para:130:0	
8	42	Azi Dahaka+	13,11,4,15,0,0,0	13,11,4,26,0,0,0	Para:140:0	
8	43	Almighty Dahaka	4,4,35,17,4,0,0	4,4,35,17,15,0,0	Para:150:0	
8	44	Almighty Dahaka+	4,13,39,15,4,0,0	4,13,39,15,15,0,0	Para:160:0	
8	45	Co Dolgan	20,17,17,17,11,4,0	20,17,17,17,11,15,0	Para:170:0	
8	46	Coctura Balgang	24,24,9,15,9,7,0	24,24,9,15,9,15,2	Para:180:0	
8	47	Usurper's Firebolt	15,7,22,20,2,0,0	15,7,22,20,13,0,0	Thunder:250:0	
8	48	Despot's Crookbolt	13,11,24,20,9,0,0	13,11,24,20,13,7,0	Thunder:350:0	
8	49	Oppressor's Bounty	22,20,15,9,15,7,0	22,20,15,9,15,17,0	Thunder:420:0	
8	50	Brimstren Drakescale	20,9,24,15,13,7,0	20,9,24,15,13,13,4	Dragon:360:1	
8	51	Stygian Luxuria	22,15,17,9,11,13,0	22,15,17,9,11,15,9	Dragon:370:1	
8	52	Bone Kris	22,9,2,0,0,0,0	22,9,13,0,0,0,0	Poison:50:1	
8	53	Bone Kris+	20,9,4,0,0,0,0	20,9,15,0,0,0,0	Poison:80:1	
8	54	Bone Tomahawk	41,2,4,7,0,0,0	41,2,4,17,0,0,0	Fire:100:0	
8	55	Bone Tomahawk+	13,9,26,7,0,0,0	13,9,26,17,0,0,0	Fire:120:0	
8	56	Qurupeco Chopper	22,22,11,11,0,0,0	22,22,11,17,4,0,0	Fire:150:0	
8	57	Djinn	11,15,17,22,0,0,0	11,15,17,22,11,0,0	Fire:180:0	
8	58	Djinn+	26,4,9,20,7,0,0	26,4,9,20,17,0,0	Fire:200:0	
8	59	Blazing Falchion	11,11,11,22,11,0,0	11,11,11,22,22,0,0	Fire:230:0	
8	60	Corona	11,13,15,15,20,2,0	11,13,15,15,20,13,0	Fire:260:0	
8	61	Corona+	13,7,22,22,22,2,0	13,7,22,22,22,13,0	Fire:280:0	
8	62	Golden Falchion	7,13,17,26,17,7,0	7,13,17,26,17,15,2	Fire:320:0	
8	63	Golden Radius	7,13,15,11,28,13,0	7,13,15,11,28,22,2	Fire:350:0	
8	64	Blood Tabar	20,9,22,22,4,0,0	20,9,22,22,11,4,0	Poison:180:0	
8	65	Plague Tabar	11,17,15,20,13,0,0	11,17,15,20,17,7,0	Poison:200:0	
8	66	Contagion Tabar	24,22,13,9,13,7,0	24,22,13,9,13,17,0	Poison:220:0	
8	67	Lagia Sword	11,15,17,11,0,0,0	11,15,17,22,0,0,0	Thunder:150:0	
8	68	Lagia Sword+	15,9,11,20,0,0,0	15,9,11,30,0,0,0	Thunder:170:0	
8	69	High Lagia Sword	9,13,17,26,0,0,0	9,13,17,28,9,0,0	Thunder:200:0	
8	70	Storm Sword	20,15,15,22,4,0,0	20,15,15,22,15,0,0	Thunder:220:0	
8	71	Takemikazuchi	9,13,17,28,9,0,0	9,13,17,28,13,7,0	Thunder:240:0	
8	72	Neo Lagia Sword	9,20,22,7,15,4,0	9,20,22,7,15,15,0	Thunder:250:0	
8	73	Neodignis Whitebolt	33,15,4,2,13,9,0	33,15,4,2,13,20,0	Thunder:270:0	
8	74	Nether Lifesword	9,13,17,11,22,15,0	9,13,17,11,22,24,2	Thunder:280:0	
8	75	Nether Maestral	30,11,7,4,15,20,0	30,11,7,4,15,26,4	Thunder:300:0	
8	76	Ludroth's Nail	13,7,20,4,0,0,0	13,7,20,15,0,0,0	Water:80:0	
8	77	Royal Claw	15,15,7,7,0,0,0	15,15,7,17,0,0,0	Water:100:0	
8	78	Royal Claw+	20,15,7,13,0,0,0	20,15,7,24,0,0,0	Water:150:0	
8	79	Royal Ludroth Claw	22,15,15,13,0,0,0	22,15,15,17,7,0,0	Water:210:0	
8	80	Amethyst Claw	24,24,9,13,7,0,0	24,24,9,13,11,7,0	Water:280:0	
8	81	Harmethyst	22,17,17,9,9,2,0	22,17,17,9,9,13,0	Water:330:0	
8	82	Harmetristesse	9,20,20,9,15,4,0	9,20,20,9,15,15,0	Water:350:0	
8	83	Carapace Mace	4,4,39,7,0,0,0	4,4,39,17,0,0,0	Para:80:1	
8	84	Carapace Mace+	17,7,26,15,0,0,0	17,7,26,22,4,0,0	Para:100:1	
8	85	Barroth Club	13,9,26,17,0,0,0	13,9,26,20,9,0,0	Para:150:1	
8	86	Doomed Soul	9,17,17,22,0,0,0	9,17,17,22,11,0,0	Ice:150:1	
8	87	Blackened Soul	13,7,24,20,2,0,0	13,7,24,20,13,0,0	Ice:170:1	
8	88	Blackest Animus	26,4,9,20,7,0,0	26,4,9,20,17,0,0	Ice:190:1	
8	89	Gigas Club	20,11,15,15,4,0,0	20,11,15,15,15,0,0	Sleep:150:1	
8	90	Gigas Club+	11,13,15,15,11,0,0	11,13,15,15,20,2,0	Sleep:170:1	
8	91	Gigas Crusher	24,13,13,13,13,0,0	24,13,13,13,22,2,0	Sleep:190:1	
8	92	Mighty Gigantreon	35,4,17,11,15,4,0	35,4,17,11,15,15,0	Sleep:200:1	
8	93	Dios Edge	15,7,22,20,2,0,0	15,7,22,20,13,0,0	Slime:220:0	
8	94	Dios Edge+	26,24,9,13,4,0,0	26,24,9,13,9,7,0	Slime:260:0	
8	95	Demolition Cutter	17,9,24,22,13,2,0	17,9,24,22,13,11,2	Slime:310:0	
8	96	Struxion Demolisher	11,15,17,22,17,4,0	11,15,17,22,17,11,4	Slime:350:0	
8	97	Secta Nulo	15,9,11,9,0,0,0	15,9,11,20,0,0,0	Ice:100:1	
8	98	Secta Unu	20,4,7,13,0,0,0	20,4,7,24,0,0,0	Ice:100:1	
8	99	Secta Nulo (W)	17,7,9,22,0,0,0	17,7,9,33,0,0,0	Ice:170:0	
8	100	Secta Unu (W)	11,15,15,24,0,0,0	11,15,15,24,11,0,0	Ice:250:0	
8	101	Secta Du (W)	11,9,26,26,13,2,0	11,9,26,26,13,13,0	Ice:320:0	
8	102	Secta Nulo (G)	15,15,9,15,0,0,0	15,15,9,26,0,0,0	Para:150:0	
8	103	Secta Unu (G)	7,7,35,17,0,0,0	7,7,35,26,2,0,0	Para:210:0	
8	104	Secta Du (G)	43,2,4,24,9,4,0	43,2,4,24,9,15,0	Para:260:0	
8	105	Qurupeco's Flight	15,15,7,35,11,4,0	15,15,7,35,11,11,4	Thunder:220:0	
8	106	Qurupeco's Blight	15,9,11,33,15,4,0	15,9,11,33,15,11,4	Thunder:280:0	
8	107	Tusk Gear	13,13,9,9,0,0,0	13,13,9,20,0,0,0	Ice:100:1	
8	108	Fossil Gear	13,7,24,11,0,0,0	13,7,24,20,2,0,0	Ice:150:1	
8	109	Skull's Wrath	13,9,28,15,0,0,0	13,9,28,20,7,0,0	Ice:200:1	
8	110	Chalcamine Sword	13,9,11,35,9,0,0	13,9,11,35,15,4,0	Ice:220:1	
8	111	Chalcomatia	11,15,17,22,17,4,0	11,15,17,22,17,11,4	Ice:250:1	
8	112	Sea Striker	9,13,17,15,0,0,0	9,13,17,26,0,0,0	Water:100:0	
8	113	Abyssal Striker	15,7,22,20,2,0,0	15,7,22,20,13,0,0	Water:150:0	
8	114	Ruinous Striker	15,9,26,22,4,0,0	15,9,26,22,11,4,0	Water:200:0	
8	115	Ark Striker	15,9,26,22,11,4,0	15,9,26,22,11,15,0	Water:220:0	
8	116	Arken Duelcalion	22,11,15,15,17,7,0	22,11,15,15,17,11,7	Water:240:0	
8	117	Jhen Kodachi	2,4,7,41,0,0,0	2,4,7,52,0,0,0	Dragon:100:0	
8	118	Calm Sands	2,4,7,52,0,0,0	2,4,7,54,9,0,0	Dragon:150:0	
8	119	Iris Earthkiller	2,4,7,54,15,4,0	2,4,7,54,15,15,0	Dragon:180:0	
8	120	Earthsbane Gladiolus	2,4,7,43,22,9,0	2,4,7,43,22,15,4	Dragon:200:0	
8	121	Chak Chak	15,9,11,20,0,0,0	15,9,11,30,0,0,0	Thunder:130:1	
8	122	Wagga Wagga	15,7,9,35,11,0,0	15,7,9,35,22,0,0	Thunder:170:1	
8	123	Gimble Gyre	15,7,9,35,22,0,0	15,7,9,35,22,4,7	Thunder:250:1	
8	124	Odyssey Blade	22,15,17,9,11,2,0	22,15,17,9,11,13,0	Water:380:1	
8	125	Master Odyssey	15,9,24,17,13,9,0	15,9,24,17,13,13,7	Water:480:1	
8	126	Rusted Sword	28,4,0,0,0,0,0	28,15,0,0,0,0,0	Dragon:100:1	
8	127	Tarnished Sword	26,4,2,0,0,0,0	26,4,7,7,0,0,0	Dragon:100:1	
8	128	Eternal Strife	15,15,7,17,0,0,0	15,15,7,28,0,0,0	Dragon:410:0	
8	129	Eternal Hate	15,15,7,28,0,0,0	15,15,7,35,4,0,0	Dragon:480:0	
8	130	Eternal Vengeance	15,15,7,35,4,0,0	15,15,7,35,11,4,0	Dragon:520:0	
8	131	Worn Sword	28,4,0,0,0,0,0	28,15,0,0,0,0,0	Dragon:100:1	
8	132	Weathered Sword	22,11,0,0,0,0,0	22,20,2,0,0,0,0	Dragon:100:1	
8	133	Divine Exodus	39,4,24,9,0,0,0	39,4,24,11,4,2,2	Dragon:600:0	
8	134	Divine Insodus	39,4,24,11,4,2,2	39,4,24,11,4,2,13	Dragon:700:0	
8	135	Alatreon Sword	35,4,13,17,11,7,0	35,4,13,17,11,13,4	Dragon:300:0	
8	136	Alatreon Star	26,22,9,11,9,13,9	26,22,9,11,9,13,9	Dragon:360:0	
8	137	Altheos Zodiarch	7,15,35,15,2,13,11	7,15,35,15,2,13,11	Dragon:420:0	
8	138	Megiddo Edge	22,11,11,11,22,0,0	22,11,11,11,22,7,4	Fire:450:0	
8	139	The Mornifestation	22,11,11,11,22,7,4	22,11,11,11,22,7,15	Fire:500:0	
8	141	Sanctioned Sword	2,4,7,54,15,4,0	2,4,7,54,15,15,0	Thunder:500:0	
9	1	Iron Hammer	15,9,9,0,0,0,0	15,9,20,0,0,0,0	Ice:50:1	
9	2	Iron Hammer+	11,7,15,0,0,0,0	11,7,26,0,0,0,0	Ice:80:1	
9	3	War Hammer	9,13,17,4,0,0,0	9,13,17,15,0,0,0	Ice:100:1	
9	4	War Hammer+	13,11,24,7,0,0,0	13,11,24,17,0,0,0	Ice:130:1	
9	5	War Mace	11,15,17,11,0,0,0	11,15,17,22,0,0,0	Ice:150:1	
9	6	Iron Striker	9,13,17,15,0,0,0	9,13,17,26,0,0,0	Ice:170:1	
9	7	Iron Striker+	13,11,24,17,0,0,0	13,11,24,20,9,0,0	Ice:220:1	
9	8	Iron Impact	13,11,24,20,9,0,0	13,11,24,20,13,7,0	Ice:250:1	
9	9	Anvil Hammer	9,13,17,28,7,2,0	9,13,17,28,7,13,0	Ice:330:1	
9	10	Onslaught	9,13,17,28,7,13,0	9,13,17,28,7,20,4	Ice:380:1	
9	11	Gun Hammer	22,9,15,15,4,0,0	22,9,15,15,15,0,0	Fire:100:0	
9	12	Deadeye Revolver	20,15,17,17,7,0,0	20,15,17,17,13,4,0	Fire:130:0	
9	13	Burst Revolver	20,15,17,17,13,4,0	20,15,17,17,13,15,0	Fire:180:0	
9	14	Plesioth Head	15,7,9,24,0,0,0	15,7,9,35,0,0,0	Water:210:0	
9	15	Plesioth Head+	15,7,9,35,0,0,0	15,7,9,35,11,0,0	Water:250:0	
9	16	Plesioth Breaker	26,4,9,20,17,0,0	26,4,9,20,22,7,0	Water:350:0	
9	17	Verde Plesioth Head	20,15,15,22,15,0,0	20,15,15,22,20,7,0	Water:480:0	
9	18	Green Ronperagon	15,7,9,35,22,0,0	15,7,9,35,22,4,7	Water:580:0	
9	19	Fang Hammer "Echo"	22,9,15,15,4,0,0	22,9,15,15,15,0,0	Water:180:0	
9	20	Fang Hammer "Ruin"	30,11,4,2,17,0,0	30,11,4,2,20,9,0	Water:210:0	
9	21	Jhen Mohran Hammer	30,11,4,2,20,20,0	30,11,4,2,20,26,4	Water:350:0	
9	22	Binding Bludgeon	13,7,22,13,0,0,0	13,7,22,22,2,0,0	Para:150:0	
9	23	Armored Gogue	4,11,37,13,0,0,0	4,11,37,13,11,0,0	Para:200:0	
9	24	Armored Megagogue	4,11,37,13,11,0,0	4,11,37,13,13,9,0	Para:220:0	
9	25	Vortex Hammer	17,4,7,15,0,0,0	17,4,7,26,0,0,0	Thunder:100:0	
9	26	Vortex Hammer+	15,7,9,24,0,0,0	15,7,9,35,0,0,0	Thunder:140:0	
9	27	High Vortex Hammer	13,7,22,22,2,0,0	13,7,22,22,13,0,0	Thunder:180:0	
9	28	Vortical Hammer	7,13,35,17,4,0,0	7,13,35,17,15,0,0	Thunder:200:0	
9	29	Vortastrophe	17,15,9,30,4,0,0	17,15,9,30,11,4,0	Thunder:230:0	
9	30	Lagio Voltega	9,13,17,28,7,2,0	9,13,17,28,7,13,0	Thunder:280:0	
9	31	Lagio Vortivolte	9,13,17,28,7,13,0	9,13,17,28,7,20,4	Thunder:320:0	
9	32	Frozen Core	17,15,9,13,0,0,0	17,15,9,24,0,0,0	Ice:150:0	
9	33	Cocytus	17,15,9,24,0,0,0	17,15,9,30,4,0,0	Ice:210:0	
9	34	Pykrete Punisher	11,13,17,13,22,0,0	11,13,17,13,22,11,0	Ice:400:0	
9	35	Plume Flint	15,9,11,9,0,0,0	15,9,11,20,0,0,0	Fire:80:0	
9	36	Peco Flint	22,15,17,9,2,0,0	22,15,17,9,11,2,0	Fire:140:0	
9	37	Peco Igniter	22,15,17,9,11,2,0	22,15,17,9,11,13,0	Fire:240:0	
9	38	Peco Lectro	11,9,26,20,0,0,0	11,9,26,26,4,0,0	Thunder:220:0	
9	39	Peco Lightning	11,9,26,26,4,0,0	11,9,26,26,13,2,0	Thunder:300:0	
9	40	Peco Lectrocution	15,9,26,20,13,4,0	15,9,26,20,13,15,0	Thunder:380:0	
9	41	Red Bludgeon	15,7,9,13,0,0,0	15,7,9,24,0,0,0	Fire:120:0	
9	42	Red Bludgeon+	15,13,9,17,0,0,0	15,13,9,28,0,0,0	Fire:160:0	
9	43	Huracan Hammer	9,13,17,26,0,0,0	9,13,17,28,9,0,0	Fire:200:0	
9	44	Huracan Blueblaze	22,11,11,11,11,0,0	22,11,11,11,15,7,0	Fire:220:0	
9	45	Rathalos Martesta	22,11,11,11,15,7,0	22,11,11,11,15,17,0	Fire:240:0	
9	46	Rathalos Blueblazon	30,11,4,2,20,9,0	30,11,4,2,20,20,0	Fire:260:0	
9	47	Leonid Starcrusher	9,22,24,7,13,13,0	9,22,24,7,13,22,2	Fire:300:0	
9	48	Svarog Starsmasher	9,15,17,11,24,11,0	9,15,17,11,24,20,2	Fire:320:0	
9	49	Dios Tailhammer	11,15,17,22,0,0,0	11,15,17,22,11,0,0	Slime:200:0	
9	50	Dios Tailhammer+	11,15,17,22,11,0,0	11,15,17,22,17,4,0	Slime:240:0	
9	51	Demolition Hammer	17,9,24,22,13,2,0	17,9,24,22,13,11,2	Slime:300:0	
9	52	Novagio Demolisher	11,15,20,22,15,4,0	11,15,20,22,15,11,4	Slime:340:0	
9	53	Numbingbird	13,9,11,11,0,0,0	13,9,11,22,0,0,0	Para:140:0	
9	54	Paralykeet	9,9,20,17,0,0,0	9,9,20,28,0,0,0	Para:170:0	
9	55	Alluring Lotus	43,2,4,15,0,0,0	43,2,4,24,2,0,0	Para:200:0	
9	56	Plegia Bocciolo	22,15,17,9,2,0,0	22,15,17,9,11,2,0	Para:220:0	
9	57	Plegia Fior	37,4,17,11,7,0,0	37,4,17,11,15,2,0	Para:260:0	
9	58	Plegia Fantasia	37,4,17,11,15,2,0	37,4,17,11,15,13,0	Para:300:0	
9	59	Usurper's Thunder	15,7,22,20,2,0,0	15,7,22,20,13,0,0	Thunder:240:0	
9	60	Despot's Crackle	20,9,24,15,9,0,0	20,9,24,15,13,7,0	Thunder:280:0	
9	61	Oppressor's Sway	7,4,37,26,13,0,0	7,4,37,26,13,11,0	Thunder:350:0	
9	62	Nether Warhammer	9,9,20,37,11,2,0	9,9,20,37,11,13,0	Thunder:400:0	
9	63	Nether Jarngrolnir	15,9,11,33,15,4,0	15,9,11,33,15,11,4	Thunder:460:0	
9	64	Brimstren Drakemaw	20,9,24,15,13,7,0	20,9,24,15,13,13,4	Dragon:230:0	
9	65	Stygian Industria	22,15,17,9,11,13,0	22,15,17,9,11,15,9	Dragon:280:0	
9	66	Bone Hammer	20,9,4,0,0,0,0	20,9,15,0,0,0,0	Poison:50:1	
9	67	Bone Hammer+	15,9,9,0,0,0,0	15,9,11,9,0,0,0	Poison:70:1	
9	68	Bone Bludgeon	15,7,9,2,0,0,0	15,7,9,13,0,0,0	Poison:100:1	
9	69	Bone Bludgeon+	15,9,11,9,0,0,0	15,9,11,20,0,0,0	Poison:130:1	
9	70	Jupiter's Sphere	22,9,15,9,0,0,0	22,9,15,15,4,0,0	Water:80:1	
9	71	Duramboros Fellmace	20,15,17,13,0,0,0	20,15,17,17,7,0,0	Water:110:1	
9	72	Archambra Fellmace	7,13,35,17,15,0,0	7,13,35,17,15,11,0	Water:200:1	
9	73	Archambra Fellmace+	11,15,17,22,17,4,0	11,15,17,22,17,11,4	Water:250:1	
9	74	Archambra Resurgence	15,7,22,20,15,9,0	15,7,22,20,15,13,7	Water:280:1	
9	75	Hidden Breaker	22,4,7,7,26,0,0	22,4,7,7,28,9,0	Poison:100:1	
9	76	Hidden Breaker+	9,13,17,11,24,2,0	9,13,17,11,24,13,0	Poison:120:1	
9	77	Night Eternal	22,4,7,7,28,9,0	22,4,7,7,28,20,0	Poison:150:1	
9	78	Virnar Breaker	9,13,17,11,24,13,0	9,13,17,11,24,22,2	Poison:180:1	
9	79	Midnight Aeternum	13,7,11,9,24,28,7	13,7,11,9,24,28,7	Poison:200:1	
9	80	Ludroth Bone Mace	22,9,13,0,0,0,0	22,9,15,9,0,0,0	Water:80:1	
9	81	Ludroth Bone Maul	17,15,9,2,0,0,0	17,15,9,13,0,0,0	Water:100:1	
9	82	Ludroth Splashhammer	15,9,26,4,0,0,0	15,9,26,15,0,0,0	Water:120:0	
9	83	Vodyanoy Hammer	11,15,17,11,0,0,0	11,15,17,22,0,0,0	Water:150:0	
9	84	Lorelei	22,15,17,9,11,2,0	22,15,17,9,11,13,0	Water:430:0	
9	85	Bewitched Venodroth	20,15,17,13,0,0,0	20,15,17,17,7,0,0	Poison:250:0	
9	86	Violet Venodroth	13,7,22,22,2,0,0	13,7,22,22,13,0,0	Poison:350:0	
9	87	Dire Envenodroth	37,4,17,11,15,2,0	37,4,17,11,15,13,0	Poison:460:0	
9	88	Carapace Hammer	13,9,11,11,0,0,0	13,9,11,22,0,0,0	Poison:150:1	
9	89	Carapace Hammer+	15,13,9,17,0,0,0	15,13,9,28,0,0,0	Poison:180:1	
9	90	Barroth Hammer	43,2,4,15,0,0,0	43,2,4,24,2,0,0	Poison:210:1	
9	91	Barroth Martello	24,22,11,13,7,0,0	24,22,11,13,11,7,0	Poison:230:1	
9	92	Barroth Basher	24,22,11,13,11,7,0	24,22,11,13,11,15,2	Poison:250:1	
9	93	Barroth Grandbasher	7,7,37,17,9,11,0	7,7,37,17,9,15,7	Poison:280:1	
9	94	Ice Crusher	9,13,17,26,0,0,0	9,13,17,28,9,0,0	Ice:120:0	
9	95	Ice Obliterator	15,9,11,33,9,0,0	15,9,11,33,15,4,0	Ice:150:0	
9	96	Barroth Viseberg	13,9,11,35,9,0,0	13,9,11,35,11,9,0	Ice:200:0	
9	97	Barroth Ravinemaker	9,9,20,37,11,2,0	9,9,20,37,11,13,0	Ice:220:0	
9	98	Brazenclout	17,4,7,26,0,0,0	17,4,7,37,0,0,0	Slime:150:1	
9	99	Gigas Hammer	35,4,24,13,0,0,0	35,4,24,15,4,2,2	Slime:300:1	
9	100	Grongigas Hammer	22,11,11,11,22,0,0	22,11,11,11,22,7,4	Slime:400:1	
9	101	Meltroknuckle	20,15,15,22,4,0,0	20,15,15,22,11,4,0	Fire:150:0	
9	102	Uragantic Hammer	26,4,9,20,17,0,0	26,4,9,20,22,7,0	Fire:200:0	
9	103	Uragantuan Hammer	37,4,17,11,15,2,0	37,4,17,11,15,13,0	Fire:250:0	
9	104	Bull Hammer	9,13,11,0,0,0,0	9,13,17,4,0,0,0	Water:50:1	
9	105	Bull Head Hammer	13,7,22,2,0,0,0	13,7,22,13,0,0,0	Water:70:1	
9	106	Bull Tusk Hammer	13,11,24,7,0,0,0	13,11,24,17,0,0,0	Water:90:1	
9	107	Lobstrosity	39,4,13,15,4,0,0	39,4,13,15,11,4,0	Sleep:200:0	
9	108	King Lobstrosity	22,20,15,9,11,0,0	22,20,15,9,15,7,0	Sleep:250:0	
9	109	Royal Lobstrosity	22,20,15,9,15,7,0	22,20,15,9,15,17,0	Sleep:280:0	
9	110	Devil's Due	22,11,22,11,0,0,0	22,11,22,11,11,0,0	Dragon:150:1	
9	111	Devil's Crush	22,11,22,11,11,0,0	22,11,22,11,20,2,0	Dragon:150:1	
9	112	Nero's Chaos	22,11,22,11,20,2,0	22,11,22,11,20,9,4	Dragon:190:1	
9	113	Gaiasp	22,9,13,0,0,0,0	22,9,15,9,0,0,0	Thunder:150:1	
9	114	Gaiarch	11,15,17,11,0,0,0	11,15,17,22,0,0,0	Thunder:180:1	
9	115	Great Gaiarch	15,7,22,20,2,0,0	15,7,22,20,13,0,0	Thunder:200:1	
9	116	Mother Gaiarch	15,9,11,33,9,0,0	15,9,11,33,15,4,0	Thunder:230:1	
9	117	Gaia Horizon	22,11,11,11,15,17,0	22,11,11,11,15,28,0	Thunder:300:1	
9	118	Portsmark	4,11,17,9,13,33,0	4,11,17,9,13,37,7	Dragon:280:1	
9	119	Rusted Hammer	28,4,0,0,0,0,0	28,15,0,0,0,0,0	Dragon:100:1	
9	120	Tarnished Hammer	33,4,7,0,0,0,0	33,4,17,0,0,0,0	Dragon:100:1	
9	121	Breath Core Hammer	13,7,22,13,0,0,0	13,7,22,22,2,0,0	Dragon:280:0	
9	122	Lava Core Hammer	11,7,28,20,0,0,0	11,7,28,22,9,0,0	Dragon:310:0	
9	123	Crust Core Hammer	11,7,28,22,9,0,0	11,7,28,22,15,4,0	Dragon:330:0	
9	124	Worn Hammer	13,11,9,0,0,0,0	13,11,20,0,0,0,0	Dragon:100:1	
9	125	Weathered Hammer	13,11,20,0,0,0,0	13,11,24,7,0,0,0	Dragon:100:1	
9	126	Pulsating Core	22,11,11,11,22,0,0	22,11,11,11,22,7,4	Dragon:300:0	
9	127	Meteoric Core	30,11,4,2,20,20,0	30,11,4,2,20,26,4	Dragon:350:0	
9	128	Alatreon Hammer	35,4,13,17,11,7,0	35,4,13,17,11,13,4	Dragon:400:0	
9	129	Alatreon Metamorph	26,22,9,11,9,13,9	26,22,9,11,9,13,9	Dragon:450:0	
9	130	Altheos Morphexo	7,15,35,15,2,13,11	7,15,35,15,2,13,11	Dragon:500:0	
9	132	The Anteferno	22,11,11,17,15,4,7	22,11,11,17,15,4,17	Fire:600:0	
9	135	Majestic Scepter	24,2,7,7,26,0,0	24,2,7,7,28,9,0		
10	1	Iron Lance	15,9,9,0,0,0,0	15,9,20,0,0,0,0	Fire:50:1	
10	2	Iron Lance+	4,11,17,0,0,0,0	4,11,28,0,0,0,0	Fire:70:1	
10	3	Thane Lance	15,7,9,2,0,0,0	15,7,9,13,0,0,0	Fire:90:1	
10	4	Thane Lance+	9,13,17,4,0,0,0	9,13,17,15,0,0,0	Fire:110:1	
10	5	Knight Lance	15,9,11,9,0,0,0	15,9,11,20,0,0,0	Fire:130:1	
10	6	Rampart	11,15,17,11,0,0,0	11,15,17,22,0,0,0	Fire:150:1	
10	7	Rampart+	11,9,26,20,0,0,0	11,9,26,26,4,0,0	Fire:180:1	
10	8	Babel Spear	7,13,35,17,4,0,0	7,13,35,17,15,0,0	Fire:200:1	
10	9	Elder Babel Spear	22,11,22,11,11,0,0	22,11,22,11,17,4,0	Fire:220:1	
10	10	Lost Babel	22,11,22,11,17,4,0	22,11,22,11,17,11,4	Fire:250:1	
10	11	Drill Lance	17,15,9,13,0,0,0	17,15,9,24,0,0,0	Thunder:100:0	
10	12	Megadrill Lance	9,13,17,26,0,0,0	9,13,17,26,11,0,0	Thunder:120:0	
10	13	Gigadrill Lance	22,11,22,11,20,2,0	22,11,22,11,20,13,0	Thunder:140:0	
10	14	Red Tail	13,9,11,22,0,0,0	13,9,11,33,0,0,0	Fire:180:0	
10	15	Hellfire	9,13,17,26,0,0,0	9,13,17,28,9,0,0	Fire:200:0	
10	16	Spear of Prominence	22,11,11,11,11,0,0	22,11,11,11,22,0,0	Fire:220:0	
10	17	Red Prominence	22,4,7,7,28,9,0	22,4,7,7,28,20,0	Fire:300:0	
10	18	Silver Prominence	9,13,17,11,24,13,0	9,13,17,11,24,22,2	Fire:380:0	
10	19	Sol Prominence	22,4,4,7,30,20,0	22,4,4,7,30,24,7	Fire:420:0	
10	20	Blue Tail	11,13,17,13,22,0,0	11,13,17,13,22,11,0	Fire:150:0	
10	21	Blue Prominence	24,13,11,13,24,2,0	24,13,11,13,24,13,0	Fire:200:0	
10	22	Soul of Prominence	7,11,9,11,41,9,0	7,11,9,11,41,13,7	Fire:250:0	
10	23	Tusk Lance	9,9,20,17,0,0,0	9,9,20,28,0,0,0	Ice:160:0	
10	24	Tusk Lance+	13,7,22,22,2,0,0	13,7,22,22,13,0,0	Ice:220:0	
10	25	Sabertooth	11,15,17,22,11,0,0	11,15,17,22,17,4,0	Ice:270:0	
10	26	Shiera Stolrata	17,9,24,20,13,4,0	17,9,24,20,13,15,0	Ice:400:0	
10	27	Shiera Vitalica	7,22,24,17,11,7,0	7,22,24,17,11,13,4	Ice:470:0	
10	28	Azure Crest	9,9,20,7,0,0,0	9,9,20,17,0,0,0	Sleep:100:0	
10	29	Azure Crest+	17,15,9,13,0,0,0	17,15,9,24,0,0,0	Sleep:150:0	
10	30	Great Azure	17,15,9,24,0,0,0	17,15,9,30,4,0,0	Sleep:250:0	
10	31	Bandera Azul	11,9,26,26,13,2,0	11,9,26,26,13,13,0	Sleep:300:0	
10	32	Aqua Spear	13,9,11,22,0,0,0	13,9,11,33,0,0,0	Water:230:0	
10	33	Aqua Spear+	17,4,7,26,0,0,0	17,4,7,37,0,0,0	Water:250:0	
10	34	Stream Spear	15,7,9,35,0,0,0	15,7,9,35,11,0,0	Water:300:0	
10	35	Emerald Spear	15,7,9,35,11,0,0	15,7,9,35,22,0,0	Water:340:0	
10	36	Esmeralda's Tide	15,7,9,35,22,0,0	15,7,9,35,22,4,7	Water:380:0	
10	37	Rockabye Spear	17,22,13,15,9,0,0	17,22,13,15,11,9,0	Sleep:180:0	
10	38	Requiem Spear	24,22,11,13,11,7,0	24,22,11,13,11,15,2	Sleep:230:0	
10	39	Acrus Lance	13,9,11,11,0,0,0	13,9,11,22,0,0,0	Thunder:120:0	
10	40	Acrus Lance+	15,13,9,17,0,0,0	15,13,9,28,0,0,0	Thunder:150:0	
10	41	High Acrus Lance	15,9,11,20,0,0,0	15,9,11,30,0,0,0	Thunder:180:0	
10	42	Doris Spear	15,7,22,20,2,0,0	15,7,22,20,13,0,0	Thunder:200:0	
10	43	Amphitrite	7,20,24,17,9,0,0	7,20,24,17,13,7,0	Thunder:230:0	
10	44	Neo Acrus Lance	9,13,17,28,7,2,0	9,13,17,28,7,13,0	Thunder:250:0	
10	45	Gaius Whitebolt	9,13,17,28,7,13,0	9,13,17,28,7,20,4	Thunder:280:0	
10	46	Nether Warlance	26,26,9,13,9,4,0	26,26,9,13,9,11,4	Thunder:350:0	
10	47	Nether Terracontier	4,11,43,11,11,7,0	4,11,43,11,11,11,7	Thunder:420:0	
10	48	Boros Spear	15,7,22,11,0,0,0	15,7,22,20,2,0,0	Water:80:1	
10	49	Boros Spear+	17,9,24,15,0,0,0	17,9,24,22,4,0,0	Water:110:1	
10	50	Temblor Illboros	20,15,15,22,4,0,0	20,15,15,22,15,0,0	Water:290:1	
10	51	Giga Sassoboros	22,11,22,11,20,2,0	22,11,22,11,20,13,0	Water:370:1	
10	52	Tremblor Granboros	22,11,22,11,17,4,0	22,11,22,11,17,11,4	Water:490:1	
10	53	Shadow Javelin	15,9,11,9,0,0,0	15,9,11,20,0,0,0	Poison:200:0	
10	54	Shadow Javelin+	15,7,22,11,0,0,0	15,7,22,20,2,0,0	Poison:240:0	
10	55	Toxic Javelin	24,13,11,13,4,0,0	24,13,11,13,15,0,0	Poison:290:0	
10	56	Iron Noxnymph	22,11,11,11,15,7,0	22,11,11,11,15,17,0	Poison:440:0	
10	57	Luinox the Thirsty	22,11,11,11,15,17,0	22,11,11,11,15,28,0	Poison:520:0	
10	58	Hidden Stinger	22,15,17,9,11,2,0	22,15,17,9,11,13,0	Poison:100:1	
10	59	Night Rains Black	7,20,24,17,13,7,0	7,20,24,17,13,13,4	Poison:130:1	
10	60	Avidya Lance	22,11,11,11,22,11,0	22,11,11,11,22,13,9	Poison:150:1	
10	61	Eclipse Lance	17,11,11,11,20,13,4	17,11,11,11,20,13,15	Poison:180:1	
10	62	Dubhe's Asterism	22,11,11,11,20,13,11	22,11,11,11,20,13,11	Poison:220:1	
10	63	Bone Lance	20,9,4,0,0,0,0	20,9,15,0,0,0,0	Poison:50:1	
10	64	Bone Lance+	11,9,13,0,0,0,0	11,9,24,0,0,0,0	Poison:100:1	
10	65	Longhorn Spear	22,9,13,0,0,0,0	22,9,15,9,0,0,0	Poison:120:1	
10	66	Longhorn Spear+	17,15,9,2,0,0,0	17,15,9,13,0,0,0	Poison:130:1	
10	67	Longtusk Spear	15,9,11,9,0,0,0	15,9,11,20,0,0,0	Poison:150:1	
10	68	Ploshasta	15,7,9,13,0,0,0	15,7,9,24,0,0,0	Poison:170:1	
10	69	Rhenohasta	9,9,20,17,0,0,0	9,9,20,28,0,0,0	Poison:200:1	
10	70	Diablos Lance	22,11,11,22,0,0,0	22,11,11,33,0,0,0		
10	71	Diablos Spear	22,11,22,22,0,0,0	22,11,22,30,2,0,0		
10	72	Cera Creos	9,17,15,15,30,0,0	9,17,15,15,41,0,0		
10	73	Black Tempest	22,11,11,33,0,0,0	22,11,11,39,4,0,0	Slime:300:1	
10	74	Black Tempest+	22,11,22,30,2,0,0	22,11,22,30,13,0,0	Slime:380:1	
10	75	Rising Tempest	22,11,11,39,4,0,0	22,11,11,39,4,4,7	Slime:460:1	
10	76	Gobulu Muruka	15,13,9,7,0,0,0	15,13,9,17,0,0,0	Para:130:0	
10	77	Gobulu Muruka+	9,13,17,15,0,0,0	9,13,17,26,0,0,0	Para:150:0	
10	78	Gobuluku Muraaka	11,9,26,20,0,0,0	11,9,26,26,4,0,0	Para:180:0	
10	79	Gobulaluku Bosca	13,9,11,35,9,0,0	13,9,11,35,11,9,0	Para:240:0	
10	80	Gobulaluku Aquir	15,9,11,33,15,4,0	15,9,11,33,15,11,4	Para:300:0	
10	81	Rugged Lance	15,9,26,4,0,0,0	15,9,26,15,0,0,0	Poison:150:1	
10	82	Rugged Lance+	11,15,17,11,0,0,0	11,15,17,22,0,0,0	Poison:200:1	
10	83	Barroth Carver	13,9,26,17,0,0,0	13,9,26,22,7,0,0	Poison:220:1	
10	84	Crusher Lance	20,15,15,22,4,0,0	20,15,15,22,15,0,0	Ice:180:0	
10	85	Bordenshkiold's Ice	15,9,17,28,7,0,0	15,9,17,28,17,0,0	Ice:200:0	
10	86	Arktika's Ice	22,11,22,24,7,2,0	22,11,22,24,7,13,0	Ice:230:0	
10	87	Usurper's Coming	15,7,22,20,2,0,0	15,7,22,20,13,0,0	Thunder:150:0	
10	88	Despot's Cacophony	11,15,17,22,11,0,0	11,15,17,22,17,4,0	Thunder:200:0	
10	89	Oppressor's Genesis	20,15,15,17,17,2,0	20,15,15,17,17,9,4	Thunder:260:0	
10	90	Brimstren Draketail	20,9,24,15,13,7,0	20,9,24,15,13,13,4	Dragon:220:0	
10	91	Stygian Ira	22,15,17,9,11,13,0	22,15,17,9,11,15,9	Dragon:280:0	
10	92	Spiral Heat	22,11,22,22,0,0,0	22,11,22,30,2,0,0	Fire:200:0	
10	93	Agnaktor Firelance	20,15,15,22,15,0,0	20,15,15,22,20,7,0	Fire:290:0	
10	94	Vaskignator	15,9,17,28,17,0,0	15,9,17,28,17,2,9	Fire:360:0	
10	95	Spiral Water	17,9,24,22,4,0,0	17,9,24,22,13,2,0	Water:150:0	
10	96	Agnaktor Aqualance	22,11,22,11,17,4,0	22,11,22,11,17,11,4	Water:180:0	
10	97	Varunagnaktor	22,4,28,11,13,9,0	22,4,28,11,13,11,9	Water:210:0	
10	98	Ludroth Bone Spear	7,7,30,0,0,0,0	7,7,37,4,0,0,0	Water:70:1	
10	99	Spiral Lance	17,9,24,4,0,0,0	17,9,24,15,0,0,0	Water:110:0	
10	100	Spiral Lance+	11,7,28,9,0,0,0	11,7,28,20,0,0,0	Water:180:0	
10	101	Spiral Splash	15,13,9,17,0,0,0	15,13,9,28,0,0,0	Water:200:0	
10	102	Ceadeus Horn	17,15,9,24,0,0,0	17,15,9,30,4,0,0	Water:240:0	
10	103	Great Ceadeus Horn	15,9,26,20,7,0,0	15,9,26,20,13,4,0	Water:380:0	
10	104	Fathom Arcana	39,4,13,15,11,4,0	39,4,13,15,11,11,4	Water:420:0	
10	105	Exia Lordlance	22,9,15,15,20,7,0	22,9,15,15,20,11,7	Water:520:0	
10	106	Bella Nocuus	43,2,4,15,0,0,0	43,2,4,24,2,0,0	Poison:150:0	
10	107	Bel Nefastro	22,11,11,17,4,0,0	22,11,11,17,15,0,0	Poison:200:0	
10	108	Bel Nefastro+	24,13,11,13,15,0,0	24,13,11,13,24,2,0	Poison:250:0	
10	109	Wild Boar Lance	4,11,17,0,0,0,0	4,11,28,0,0,0,0	Poison:50:1	
10	110	Wild Boar Lance+	13,11,20,0,0,0,0	13,11,24,7,0,0,0	Poison:120:1	
10	111	Bulldrome Spear	13,11,24,7,0,0,0	13,11,24,17,0,0,0	Poison:150:1	
10	112	Dios Stinger	20,9,24,13,0,0,0	20,9,24,15,9,0,0	Slime:200:0	
10	113	Dios Stinger+	24,22,11,13,7,0,0	24,22,11,13,11,7,0	Slime:270:0	
10	114	Demolition Lance	15,7,22,20,11,2,0	15,7,22,20,11,11,2	Slime:320:0	
10	115	Albrach Demolisher	11,15,17,22,17,4,0	11,15,17,22,17,11,4	Slime:370:0	
10	116	Grief Lance	22,11,22,11,11,0,0	22,11,22,11,17,4,0	Dragon:80:1	
10	117	Fiendish Tower	22,11,22,11,20,2,0	22,11,22,11,20,13,0	Dragon:100:1	
10	118	Nero's Atrocity	22,11,22,11,17,4,0	22,11,22,11,17,11,4	Dragon:150:1	
10	119	Blue Crater	13,9,11,11,0,0,0	13,9,11,22,0,0,0	Ice:70:1	
10	120	Smalt Crater	15,9,11,20,0,0,0	15,9,11,30,0,0,0	Ice:180:1	
10	121	Doom Crown	22,11,11,33,0,0,0	22,11,11,39,4,0,0	Ice:320:1	
10	122	Eterno Crown	22,9,15,15,15,0,0	22,9,15,15,20,7,0	Ice:460:1	
10	123	Aidion Crown	22,11,22,11,20,2,0	22,11,22,11,20,9,4	Ice:540:1	
10	124	Rusted Lance	30,13,0,0,0,0,0	30,20,4,0,0,0,0	Dragon:100:1	
10	125	Tarnished Lance	30,20,4,0,0,0,0	30,20,11,4,0,0,0	Dragon:100:1	
10	126	Undertaker	17,15,7,26,0,0,0	17,15,7,33,4,0,0	Dragon:190:0	
10	127	High Undertaker	26,4,9,20,7,0,0	26,4,9,20,17,0,0	Dragon:210:0	
10	128	Neo Undertaker	20,11,15,15,15,0,0	20,11,15,15,20,7,0	Dragon:250:0	
10	129	Worn Spear	22,11,0,0,0,0,0	22,20,2,0,0,0,0	Dragon:100:1	
10	130	Weathered Spear	17,22,4,0,0,0,0	17,22,13,2,0,0,0	Dragon:100:1	
10	131	Skyscraper	7,11,11,11,37,0,0	7,11,11,11,39,9,0	Dragon:240:0	
10	132	Skysunderer	7,11,11,11,39,9,0	7,11,11,11,39,13,7	Dragon:320:0	
10	133	Plegis Needle	7,15,11,0,0,0,0	7,15,22,0,0,0,0	Para:140:0	
10	134	Plegis Needle+	15,13,9,17,0,0,0	15,13,9,28,0,0,0	Para:270:0	
10	135	Mighty Plegis	15,13,9,35,4,0,0	15,13,9,35,13,2,0	Para:320:0	
10	136	Sharq Byte	41,4,13,7,0,0,0	41,4,13,17,0,0,0	Water:400:0	
10	137	Sharq Attaq	24,22,11,13,7,0,0	24,22,11,13,11,7,0	Water:500:0	
10	138	Sharq Assawlt	9,13,17,26,15,7,0	9,13,17,26,15,15,2	Water:600:0	
10	139	Megiddo Spire	22,11,11,17,15,0,0	22,11,11,17,15,4,7	Fire:500:0	
10	140	The Immaelestrom	22,11,11,17,15,4,7	22,11,11,17,15,4,17	Fire:620:0	
10	141	Alatreon Lance	39,4,13,15,11,4,0	39,4,13,15,11,11,4	Dragon:200:0	
10	142	Alatreon Gleam	28,22,11,11,9,11,7	28,22,11,11,9,11,7	Dragon:300:0	
10	143	Altheos Gloralis	7,15,35,15,2,13,11	7,15,35,15,2,13,11	Dragon:400:0	
10	146	ML001: Baltzenger	11,9,26,20,0,0,0	11,9,26,26,4,0,0	Fire:210:0	
10	147	Banderlance "Byakko"	15,7,22,20,13,0,0	15,7,22,20,15,9,0	Fire:250:0	
14	1	Iron Katana	15,9,20,0,0,0,0	15,9,26,4,0,0,0	Ice:50:1	
14	2	Iron Grace	9,13,17,4,0,0,0	9,13,17,15,0,0,0	Ice:70:1	
14	3	Iron Gospel	17,15,9,13,0,0,0	17,15,9,24,0,0,0	Ice:100:1	
14	4	Chainslaughter	9,13,17,15,0,0,0	9,13,17,26,0,0,0	Thunder:100:0	
14	5	Rumbalarum	20,15,17,13,0,0,0	20,15,17,17,7,0,0	Thunder:120:0	
14	6	Thunder Saw	20,15,17,17,13,4,0	20,15,17,17,13,15,0	Thunder:150:0	
14	7	Usurper's Boltslicer	15,7,22,20,2,0,0	15,7,22,20,13,0,0	Thunder:150:0	
14	8	Despot's Boltbreaker	13,11,24,20,9,0,0	13,11,24,20,13,7,0	Thunder:180:0	
14	9	Oppressor's Law	43,2,4,24,11,2,0	43,2,4,24,11,13,0	Thunder:230:0	
14	10	Nether Katana	4,11,17,7,11,26,0	4,11,17,7,11,37,0	Thunder:260:0	
14	11	Nether Dilemnity	4,11,17,7,11,37,0	4,11,17,7,11,39,9	Thunder:300:0	
14	12	Stygian Gula	41,4,13,17,9,2,0	41,4,13,17,9,11,2	Dragon:300:0	
14	13	Rimeblade	15,9,11,20,0,0,0	15,9,11,30,0,0,0	Ice:140:0	
14	14	Rimeblossom	13,7,22,22,2,0,0	13,7,22,22,13,0,0	Ice:170:0	
14	15	Rime & Treason	13,7,22,22,13,0,0	13,7,22,22,22,2,0	Ice:200:0	
14	16	Edel's Ice	13,7,22,22,22,2,0	13,7,22,22,22,13,0	Ice:300:0	
14	17	Hidden Saber	39,4,13,15,4,0,0	39,4,13,15,11,4,0	Poison:100:1	
14	18	Hidden Saber+	4,11,37,13,11,0,0	4,11,37,13,13,9,0	Poison:120:1	
14	19	Deepest Night	37,4,17,11,15,2,0	37,4,17,11,15,13,0	Poison:140:1	
14	20	Eclipse Saber	17,4,7,37,11,11,0	17,4,7,37,11,11,11	Poison:160:1	
14	21	Megrez's Asterism	20,4,7,37,9,11,11	20,4,7,37,9,11,11	Poison:200:1	
14	22	Virnar Saber	22,11,22,11,17,4,0	22,11,22,11,17,11,4	Para:120:1	
14	23	Depths of Midnight	22,15,17,9,11,13,0	22,15,17,9,11,15,9	Para:160:1	
14	24	Wroggi Sword	11,15,17,11,0,0,0	11,15,17,22,0,0,0	Poison:200:0	
14	25	Nightshade's Bite	11,15,17,22,0,0,0	11,15,17,22,11,0,0	Poison:240:0	
14	26	Belladonna's Bite	13,7,22,22,13,0,0	13,7,22,22,22,2,0	Poison:320:0	
14	27	Thunderclap	15,13,9,17,0,0,0	15,13,9,28,0,0,0	Thunder:120:0	
14	28	Thunderclap+	11,7,28,20,0,0,0	11,7,28,22,9,0,0	Thunder:140:0	
14	29	Heaven's Thunder	11,7,28,22,9,0,0	11,7,28,22,17,2,0	Thunder:160:0	
14	30	Heaven's Sunderer	9,13,17,28,7,2,0	9,13,17,28,7,13,0	Thunder:180:0	
14	31	Truest Sunderer	9,13,17,28,7,13,0	9,13,17,28,7,20,4	Thunder:220:0	
14	32	Plesioth Splasher	13,7,22,22,2,0,0	13,7,22,22,13,0,0	Water:170:0	
14	33	Plesioth Splasher+	13,11,24,20,9,0,0	13,11,24,20,13,7,0	Water:220:0	
14	34	Verdant Splash	7,13,35,17,15,0,0	7,13,35,17,15,11,0	Water:260:0	
14	35	Verdant Splash+	13,7,22,22,22,2,0	13,7,22,22,22,13,0	Water:300:0	
14	36	Jade Vagalhao	26,4,9,20,22,7,0	26,4,9,20,22,11,7	Water:360:0	
14	37	Arzuros Naginata	13,9,22,0,0,0,0	13,9,26,7,0,0,0	Poison:100:1	
14	38	Arzuros Naginata+	13,9,26,7,0,0,0	13,9,26,17,0,0,0	Poison:130:1	
14	39	Arzuros Strikequill	22,9,15,9,0,0,0	22,9,15,15,4,0,0	Poison:150:1	
14	40	Guan Dao	30,11,4,2,7,0,0	30,11,4,2,17,0,0	Dragon:50:0	
14	41	Yan Yue Dao	30,11,4,2,17,0,0	30,11,4,2,20,9,0	Dragon:60:0	
14	42	Yi Duan	30,11,4,2,17,22,0	30,11,4,2,17,28,4	Dragon:120:0	
14	43	Drowning Shaft	17,15,9,2,0,0,0	17,15,9,13,0,0,0	Water:100:0	
14	44	Douser Bardiche	17,9,24,4,0,0,0	17,9,24,15,0,0,0	Water:140:0	
14	45	Wasserfallis	22,15,17,9,11,2,0	22,15,17,9,11,13,0	Water:240:0	
14	46	Enfeebling Glaive	33,4,17,11,0,0,0	33,4,17,20,2,0,0	Poison:280:0	
14	47	Dispatcher Glaive	7,4,37,26,2,0,0	7,4,37,26,13,0,0	Poison:320:0	
14	48	Asthenia Glaive	22,20,15,9,15,7,0	22,20,15,9,15,17,0	Poison:450:0	
14	49	Canine Katana	13,9,11,0,0,0,0	13,9,22,0,0,0,0	Para:50:1	
14	50	Lupine Katana	20,9,15,0,0,0,0	20,9,24,2,0,0,0	Para:80:1	
14	51	Cerberus Katana	13,11,20,0,0,0,0	13,11,24,7,0,0,0	Para:100:1	
14	52	Ananta Boneblade	15,9,26,4,0,0,0	15,9,26,15,0,0,0	Para:120:0	
14	53	Ananta Boneblade+	11,9,26,9,0,0,0	11,9,26,20,0,0,0	Para:140:0	
14	54	Shadowbinder	15,9,11,20,0,0,0	15,9,11,30,0,0,0	Para:160:0	
14	55	Soulbinder	7,15,35,15,2,2,0	7,15,35,15,2,13,0	Para:180:0	
14	56	Soulstrangler	11,9,26,26,13,2,0	11,9,26,26,13,13,0	Para:210:0	
14	57	Diapason	11,9,26,9,0,0,0	11,9,26,20,0,0,0	Fire:50:1	
14	58	Diapason+	9,9,17,20,0,0,0	9,9,17,30,0,0,0	Fire:80:1	
14	59	Crimsonfork	7,4,37,17,0,0,0	7,4,37,26,2,0,0	Fire:100:1	
14	60	Chrome Mazurka	11,7,30,17,0,0,0	11,7,30,22,7,0,0	Fire:130:1	
14	61	Chrome Waltz	7,4,37,26,2,0,0	7,4,37,26,13,0,0	Fire:160:1	
14	62	Wyvern Blade "Fire"	17,15,9,13,0,0,0	17,15,9,24,0,0,0	Fire:120:0	
14	63	Wyvern Blade "Flame"	15,9,26,20,7,0,0	15,9,26,20,13,4,0	Fire:200:0	
14	64	Wyvern Blade "Flare"	7,4,37,26,13,0,0	7,4,37,26,13,11,0	Fire:280:0	
14	65	Wyvern Blade "Pale"	9,9,20,37,11,2,0	9,9,20,37,11,13,0	Fire:300:0	
14	66	Wyvern Blade "Bloom"	17,15,9,30,11,4,0	17,15,9,30,11,11,4	Fire:320:0	
14	67	Wyvern Blade "Blaze"	24,22,11,13,11,15,2	24,22,11,13,11,15,2	Fire:100:0	
14	68	Wyvern Blade "Rose"	11,15,17,22,17,11,4	11,15,17,22,17,11,4	Fire:120:0	
14	69	Mountain Reaper	9,9,20,17,0,0,0	9,9,20,28,0,0,0	Ice:80:1	
14	70	Mountain Archreaper	11,7,28,20,0,0,0	11,7,28,22,9,0,0	Ice:120:1	
14	71	Wild Heights	26,4,9,20,7,0,0	26,4,9,20,17,0,0	Ice:140:1	
14	72	Grandfolly	13,7,22,22,13,0,0	13,7,22,22,22,2,0	Ice:170:1	
14	73	Tribulation	11,9,26,26,13,2,0	11,9,26,26,13,13,0	Ice:250:1	
14	74	Bleeding Cross	13,9,11,11,0,0,0	13,9,11,22,0,0,0	Poison:80:0	
14	75	Bleeding Cross+	15,13,9,17,0,0,0	15,13,9,28,0,0,0	Poison:100:0	
14	76	Mephitic Katana	17,9,24,15,0,0,0	17,9,24,22,4,0,0	Poison:130:0	
14	77	Vampiric Edge	11,9,26,26,13,2,0	11,9,26,26,13,13,0	Poison:150:0	
14	78	Carmilla Bloodsucker	13,9,11,35,11,9,0	13,9,11,35,11,15,4	Poison:240:0	
14	79	Crimson Cross	13,11,24,17,0,0,0	13,11,24,20,9,0,0	Thunder:50:0	
14	80	Lost Eden	17,9,24,22,4,0,0	17,9,24,22,13,2,0	Thunder:70:0	
14	81	Banished Blood	4,11,37,13,11,0,0	4,11,37,13,13,9,0	Thunder:100:0	
14	82	Law of the Guilty	37,4,17,11,15,2,0	37,4,17,11,15,13,0	Thunder:130:0	
14	83	Dancing Flames	17,9,24,15,0,0,0	17,9,24,22,4,0,0	Fire:120:0	
14	84	Dancing Hellfire	7,4,37,26,2,0,0	7,4,37,26,13,0,0	Fire:150:0	
14	85	Principal Flame	26,4,9,20,22,7,0	26,4,9,20,22,11,7	Fire:200:0	
14	86	Snow Siren	17,9,24,22,4,0,0	17,9,24,22,13,2,0	Ice:120:0	
14	87	Blizzard Siren	28,22,11,11,9,7,0	28,22,11,11,9,11,7	Ice:280:0	
14	88	Glacial Diva	17,22,13,15,11,9,0	17,22,13,15,11,11,9	Ice:320:0	
14	89	Dios Katana	11,15,17,22,0,0,0	11,15,17,22,11,0,0	Slime:140:0	
14	90	Dios Katana+	11,15,17,22,11,0,0	11,15,17,22,17,4,0	Slime:180:0	
14	91	Demolition Katana	17,9,24,22,13,2,0	17,9,24,22,13,11,2	Slime:240:0	
14	92	Pyro Demolisher	11,15,17,22,17,4,0	11,15,17,22,17,11,4	Slime:280:0	
14	93	Barbarian Blade	7,4,37,17,0,0,0	7,4,37,26,2,0,0	Water:100:0	
14	94	Barbarian "Sharq"	9,13,17,26,11,0,0	9,13,17,26,15,7,0	Water:140:0	
14	95	Kibamaru	17,9,24,22,13,11,2	17,9,24,22,13,11,2	Water:180:0	
14	96	Megiddo Katana	22,11,11,11,22,0,0	22,11,11,11,22,7,4	Fire:400:0	
14	97	The Adjudition	22,11,11,11,22,7,4	22,11,11,11,22,7,15	Fire:500:0	
14	98	Dark Claw	35,4,13,17,11,7,0	35,4,13,17,11,13,4	Dragon:290:0	
14	99	Dark Claw "Demise"	26,22,9,11,9,13,9	26,22,9,11,9,13,9	Dragon:330:0	
14	100	Altheos Altrusta	7,15,35,15,2,13,11	7,15,35,15,2,13,11	Dragon:380:0	
14	101	Reaver "Cruelty"	39,4,13,15,4,0,0	39,4,13,15,11,4,0	Dragon:150:1	
14	102	Reaver "Calamity"	22,20,15,9,15,7,0	22,20,15,9,15,17,0	Dragon:200:1	
14	103	Nero's Calamity	22,15,17,9,11,13,0	22,15,17,9,11,15,9	Dragon:230:1	
14	104	Windeater	17,15,9,13,0,0,0	17,15,9,24,0,0,0	Dragon:60:1	
14	105	Soundeater	9,9,20,17,0,0,0	9,9,20,28,0,0,0	Dragon:90:1	
14	106	Zephyr	15,9,11,33,9,0,0	15,9,11,33,15,4,0	Dragon:170:1	
14	107	Hairtail's Hairblade	15,7,9,35,0,0,0	15,7,9,35,11,0,0	Water:400:0	
14	108	Fresh Hairblade	15,7,9,35,11,0,0	15,7,9,35,22,0,0	Water:480:0	
14	109	Premium Hairblade	15,7,9,35,22,0,0	15,7,9,35,22,4,7	Water:540:0	
14	115	Tenebra	17,9,11,28,0,0,0	17,9,11,33,7,0,0	Ice:150:1	
14	116	Tenebra D	17,9,11,33,7,0,0	17,9,11,33,13,4,0	Ice:250:1	
14	117	Rising Soul	20,7,28,17,4,0,0	20,7,28,17,9,7,0	Thunder:350:0	
15	1	Bone Axe	15,7,11,0,0,0,0	15,7,22,0,0,0,0	Fire:50:1	phial=Power
15	2	Bone Axe+	15,9,20,0,0,0,0	15,9,26,4,0,0,0	Fire:50:1	phial=Power
15	3	Bone Smasher	26,4,9,4,0,0,0	26,4,9,15,0,0,0	Fire:80:1	phial=Power
15	4	Assault Axe	15,9,11,9,0,0,0	15,9,11,20,0,0,0	Para:80:1	phial=Paralysis
15	5	Assault Axe+	11,15,17,11,0,0,0	11,15,17,22,0,0,0	Para:80:1	phial=Paralysis
15	6	Blitzkrieg	15,13,9,17,0,0,0	15,13,9,28,0,0,0	Para:80:1	phial=Paralysis
15	7	Blitzkrieg+	11,9,26,20,0,0,0	11,9,26,26,4,0,0	Para:100:1	phial=Paralysis
15	8	Bastion Blitz	11,7,28,22,9,0,0	11,7,28,22,17,2,0	Para:100:1	phial=Paralysis
15	9	Hidden Axe	13,7,26,20,11,0,0	13,7,26,20,13,9,0	Poison:120:1	phial=Poison
15	10	Night's Crescent	24,24,9,13,11,7,0	24,24,9,13,11,15,2	Poison:150:1	phial=Poison
15	11	Avidya Axe	7,15,35,15,2,13,0	7,15,35,15,2,13,11	Poison:300:1	phial=Poison
15	12	Eclipse Axe	13,9,11,35,11,15,4	13,9,11,35,11,15,4	Poison:200:1	phial=Power
15	13	Mizar's Asterism	17,4,7,37,11,11,11	17,4,7,37,11,11,11	Poison:240:1	phial=Power
15	14	Tyrannos	7,9,20,30,0,0,0	7,9,20,39,2,0,0	Dragon:50:1	phial=Dragon
15	15	Terror Tyrannos	7,13,17,28,0,0,0	7,13,17,28,11,0,0	Dragon:60:1	phial=Dragon
15	16	Saligia Vileaxe	22,11,22,30,2,0,0	22,11,22,30,7,4,2	Dragon:80:1	phial=Dragon
15	17	Saligia Enderaxe	35,4,26,13,4,2,2	35,4,26,13,4,2,13	Dragon:100:1	phial=Dragon
15	18	Bolt Axe	9,13,17,15,0,0,0	9,13,17,26,0,0,0	Thunder:80:0	phial=Element
15	19	Bolt Axe+	15,9,11,20,0,0,0	15,9,11,30,0,0,0	Thunder:90:0	phial=Element
15	20	High Bolt Axe	11,15,17,22,0,0,0	11,15,17,22,11,0,0	Thunder:100:0	phial=Element
15	21	Volt Axe	13,7,22,22,2,0,0	13,7,22,22,13,0,0	Thunder:120:0	phial=Element
15	22	Megavolt Axe	11,15,17,22,11,0,0	11,15,17,22,17,4,0	Thunder:130:0	phial=Element
15	23	Neo Bolt Axe	11,9,28,26,11,2,0	11,9,28,26,11,13,0	Thunder:140:0	phial=Element
15	24	Remiel Whitebolt	17,4,7,37,11,11,0	17,4,7,37,11,11,11	Thunder:320:0	phial=Element
15	25	Nether Direaxe	4,11,17,7,11,26,0	4,11,17,7,11,37,0	Thunder:160:0	phial=Power
15	26	Nether Excellion	4,11,17,7,11,37,0	4,11,17,7,11,37,11	Thunder:180:0	phial=Power
15	27	Arzuros Axe	13,7,22,2,0,0,0	13,7,22,13,0,0,0	Poison:120:1	phial=Poison
15	28	Arzuros Axe+	20,9,24,2,0,0,0	20,9,24,13,0,0,0	Poison:150:1	phial=Poison
15	29	Arzuros Massifax	33,4,17,11,0,0,0	33,4,17,20,2,0,0	Poison:180:1	phial=Poison
15	30	Arzuros Revelax	35,11,7,13,0,0,0	35,11,7,20,4,0,0	Poison:200:1	phial=Poison
15	31	Dios Axe	11,15,17,22,0,0,0	11,15,17,22,11,0,0	Slime:220:0	phial=Power
15	32	Dios Axe+	11,15,17,22,11,0,0	11,15,17,22,17,4,0	Slime:250:0	phial=Power
15	33	Demolition Axe	17,9,22,22,13,4,0	17,9,22,22,13,13,2	Slime:280:0	phial=Power
15	34	Brisant Demolisher	11,15,17,20,17,7,0	11,15,17,20,17,13,4	Slime:300:0	phial=Power
15	35	Amber Slash	11,7,28,9,0,0,0	11,7,28,20,0,0,0	Ice:120:0	phial=Element
15	36	Amber Slash+	4,11,37,13,0,0,0	4,11,37,13,11,0,0	Ice:150:0	phial=Element
15	37	Amber Hoarfrost	22,9,15,15,4,0,0	22,9,15,15,15,0,0	Ice:180:0	phial=Element
15	38	Galefrost	9,20,22,7,15,4,0	9,20,22,7,15,15,0	Ice:320:0	phial=Element
15	39	Giga Galefrost	9,20,22,7,15,15,0	9,20,22,7,15,24,2	Ice:350:0	phial=Element
15	40	Azurite Slash Axe	9,20,22,7,15,4,0	9,20,22,7,15,15,0	Para:180:1	phial=Paralysis
15	41	Gale Azurite	9,20,22,7,15,15,0	9,20,22,7,15,24,2	Para:220:1	phial=Paralysis
15	42	Giga Gale Azurite	9,20,22,7,15,24,2	9,20,22,7,15,24,2	Para:250:1	phial=Paralysis
15	43	Pecospander	13,9,11,11,0,0,0	13,9,11,22,0,0,0	Fire:120:0	phial=Element
15	44	Pecospander+	17,15,9,13,0,0,0	17,15,9,24,0,0,0	Fire:150:0	phial=Element
15	45	Qurupexspander	15,13,9,17,0,0,0	15,13,9,28,0,0,0	Fire:170:0	phial=Element
15	46	Motor Burst	11,9,26,20,0,0,0	11,9,26,26,4,0,0	Fire:200:0	phial=Element
15	47	Motor Burst+	13,7,22,22,2,0,0	13,7,22,22,13,0,0	Fire:230:0	phial=Element
15	48	Gigant Burst	13,7,22,22,13,0,0	13,7,22,22,22,2,0	Fire:250:0	phial=Element
15	49	Giganceladus	7,13,35,17,15,0,0	7,13,35,17,15,11,0	Fire:280:0	phial=Element
15	50	Sparqlepeco	7,13,35,11,0,0,0	7,13,35,17,4,0,0	Thunder:170:0	phial=Element
15	51	Peco Volt	7,13,35,17,4,0,0	7,13,35,17,15,0,0	Thunder:200:0	phial=Element
15	52	Peco Glitz	22,15,17,9,11,2,0	22,15,17,9,11,13,0	Thunder:250:0	phial=Element
15	53	Wild Axe	9,13,11,0,0,0,0	9,13,17,4,0,0,0		phial=Exhaust
15	54	Wild Axe+	22,9,13,0,0,0,0	22,9,15,9,0,0,0		phial=Exhaust
15	55	Ground Dasher	9,9,20,7,0,0,0	9,9,20,17,0,0,0		phial=Exhaust
15	56	Heavy Divider	17,15,9,13,0,0,0	17,15,9,24,0,0,0		phial=Exhaust
15	57	Heavy Divider+	22,9,15,15,4,0,0	22,9,15,15,15,0,0		phial=Exhaust
15	58	Grunhart	22,9,15,15,15,0,0	22,9,15,15,20,7,0		phial=Exhaust
15	59	Hartschlagen	22,9,15,15,20,7,0	22,9,15,15,20,11,7		phial=Exhaust
15	60	Nainokami	22,15,17,9,11,13,0	22,15,17,9,11,15,9		phial=Exhaust
15	61	Axe Semper Tyrannis	15,9,11,20,0,0,0	15,9,11,30,0,0,0		phial=Exhaust
15	62	Grand Chaos	13,9,28,15,0,0,0	13,9,28,22,4,0,0		phial=Exhaust
15	63	Axe of Gaia	15,9,20,22,11,0,0	15,9,20,22,17,4,0		phial=Exhaust
15	64	Axe of Thanatos	15,7,22,20,2,0,0	15,7,22,20,13,0,0	Para:100:1	phial=Paralysis
15	65	Axe of Demons	11,7,28,22,9,0,0	11,7,28,22,15,4,0	Para:120:1	phial=Paralysis
15	66	Axe of Hades	11,9,26,26,13,2,0	11,9,26,26,13,13,0	Para:150:1	phial=Paralysis
15	67	Fire Tempest	11,15,17,22,0,0,0	11,15,17,22,11,0,0	Fire:80:0	phial=Power
15	68	Flame Tempest	11,7,30,22,7,0,0	11,7,30,22,15,2,0	Fire:150:0	phial=Power
15	69	Helstrong Firebath	43,2,4,24,9,4,0	43,2,4,24,9,15,0	Fire:180:0	phial=Power
15	70	Liquid Storm	7,13,37,15,4,0,0	7,13,37,15,15,0,0	Water:80:0	phial=Element
15	71	Aqua Tempest	22,9,24,13,9,0,0	22,9,24,13,13,7,0	Water:150:0	phial=Power
15	72	Helstrong Deluge	43,4,11,15,9,4,0	43,4,11,15,9,11,4	Water:200:0	phial=Power
15	73	Binding Roller	13,9,11,11,0,0,0	13,9,11,22,0,0,0	Para:100:0	phial=Element
15	74	Binding Roller+	17,15,9,13,0,0,0	17,15,9,24,0,0,0	Para:120:0	phial=Element
15	75	Vermilingua	22,11,11,33,0,0,0	22,11,11,39,4,0,0	Para:150:0	phial=Element
15	76	Vermilion Bloodaxe	22,11,11,39,4,0,0	22,11,11,39,4,4,7	Para:180:0	phial=Element
15	77	Usurper's Downpour	43,2,4,15,0,0,0	43,2,4,24,2,0,0	Thunder:220:0	phial=Power
15	78	Despot's Cloudburst	43,2,4,24,2,0,0	43,2,4,24,11,2,0	Thunder:240:0	phial=Power
15	79	Brimstren Drakefang	35,11,7,20,4,0,0	35,11,7,20,9,7,0	Dragon:240:0	phial=Power
15	80	Stygian Vanagloria	41,4,13,17,9,2,0	41,4,13,17,9,11,2	Dragon:260:0	phial=Power
15	81	Ludroth Axe	9,13,17,4,0,0,0	9,13,17,15,0,0,0	Water:120:0	phial=Element
15	82	Ludroth Axe+	13,9,11,11,0,0,0	13,9,11,22,0,0,0	Water:150:0	phial=Element
15	83	Splish Splax	15,13,9,17,0,0,0	15,13,9,28,0,0,0	Water:200:0	phial=Element
15	84	Demonbind	30,11,4,2,7,0,0	30,11,4,2,17,0,0	Water:230:0	phial=Element
15	85	Grand Demonbind	30,11,4,2,17,0,0	30,11,4,2,20,9,0	Water:270:0	phial=Element
15	86	Celestial Demonbind	30,11,4,2,20,20,0	30,11,4,2,20,26,4	Water:450:0	phial=Element
15	87	Finslash	11,9,28,7,0,0,0	11,9,28,17,0,0,0	Sleep:150:0	phial=Power
15	88	Finslash+	22,15,17,9,2,0,0	22,15,17,9,11,2,0	Sleep:200:0	phial=Power
15	89	Mega Rhipidon	22,20,15,9,15,7,0	22,20,15,9,15,17,0	Sleep:220:0	phial=Power
15	90	Dragonmaiden Axe	11,9,28,7,0,0,0	11,9,28,17,0,0,0	Poison:100:0	phial=Element
15	91	Dragonmaiden Axe+	9,13,17,15,0,0,0	9,13,17,26,0,0,0	Poison:160:0	phial=Element
15	92	Gríðr's Landmaker	13,9,26,17,0,0,0	13,9,26,22,7,0,0	Poison:210:0	phial=Element
15	93	Gríðr's Landforger	13,11,24,20,9,0,0	13,11,24,20,13,7,0	Poison:240:0	phial=Element
15	94	Azure Rose	39,4,13,15,11,4,0	39,4,13,15,11,11,4	Poison:320:0	phial=Element
15	95	Azure Rosebloom	17,22,11,17,11,9,0	17,22,11,17,11,11,9	Poison:360:0	phial=Element
15	96	Grim Cat	15,9,11,9,0,0,0	15,9,11,20,0,0,0	Para:220:0	phial=Power
15	97	Grimmig Katze	26,4,9,15,0,0,0	26,4,9,20,7,0,0	Para:270:0	phial=Power
15	98	Felyne Fatality	26,4,9,20,17,0,0	26,4,9,20,22,7,0	Para:300:0	phial=Power
15	99	Rough Edge	26,4,9,4,0,0,0	26,4,9,15,0,0,0	Dragon:150:1	phial=Dragon
15	100	Tough Break	11,15,17,11,0,0,0	11,15,17,22,0,0,0	Dragon:180:1	phial=Dragon
15	101	Soulbreaker	15,7,22,20,2,0,0	15,7,22,20,13,0,0	Dragon:200:1	phial=Dragon
15	102	Soulcrusher	26,4,9,20,17,0,0	26,4,9,20,22,7,0	Dragon:250:1	phial=Dragon
15	103	Helios Crusher	26,4,9,20,22,7,0	26,4,9,20,22,11,7	Dragon:280:1	phial=Dragon
15	104	Inceadeus	28,4,9,13,0,0,0	28,4,9,17,7,0,0	Water:150:0	phial=Power
15	105	Great Inceadeus	4,11,37,13,11,0,0	4,11,37,13,13,9,0	Water:170:0	phial=Power
15	106	Ceadeed Axe	4,11,37,13,13,9,0	4,11,37,13,13,11,9	Water:180:0	phial=Power
15	107	Dark Switch Axe	39,4,13,15,11,4,0	39,4,13,15,11,11,4	Dragon:320:0	phial=Element
15	108	Black Harvest	28,11,11,11,9,11,7	28,11,11,11,9,11,7	Dragon:450:0	phial=Element
15	109	Altheos Voracion	7,15,35,15,2,13,11	7,15,35,15,2,13,11	Dragon:500:0	phial=Element
15	110	Megiddo Crest	22,11,11,11,22,0,0	22,11,11,11,22,7,4	Fire:390:0	phial=Element
15	111	The Crimsidian	22,11,11,11,22,7,4	22,11,11,11,22,7,15	Fire:480:0	phial=Element
15	114	Sinister Saints	13,7,9,37,11,0,0	13,7,9,37,22,0,0	Fire:250:1	phial=Power
15	115	Dragon's Roar	13,11,26,17,13,7,0	13,11,26,17,13,11,7	Ice:120:0	phial=Power
16	1	Iron Gunlance	15,9,9,0,0,0,0	15,9,20,0,0,0,0	Fire:50:1	shell=Normal:1
16	2	Iron Gunlance+	20,9,15,0,0,0,0	20,9,24,2,0,0,0	Fire:70:1	shell=Normal:1
16	3	Steel Gunlance	9,13,17,4,0,0,0	9,13,17,15,0,0,0	Fire:100:1	shell=Normal:1
16	4	Striker's Gunlance	15,9,11,9,0,0,0	15,9,11,20,0,0,0	Fire:120:1	shell=Normal:1
16	5	Defender's Gunlance	15,13,9,17,0,0,0	15,13,9,28,0,0,0	Fire:140:1	shell=Normal:2
16	6	Imperial Guardlance	15,13,9,28,0,0,0	15,13,9,35,4,0,0	Fire:150:1	shell=Normal:2
16	7	General's Arbalance	26,7,15,15,13,0,0	26,7,15,15,17,7,0	Fire:260:1	shell=Normal:2
16	8	Admiral's Arbalance	11,13,17,11,24,0,0	11,13,17,11,24,11,0	Fire:320:1	shell=Normal:3
16	9	Imperial Swornlance	22,11,22,11,20,2,0	22,11,22,11,20,9,4	Fire:380:1	shell=Normal:4
16	10	Hidden Gunlance	9,4,30,24,9,0,0	9,4,30,24,17,2,0	Poison:50:1	shell=Normal:3
16	11	Hidden Gunlance+	15,4,24,20,13,0,0	15,4,24,20,15,9,0	Poison:80:1	shell=Normal:3
16	12	Fading Night	26,7,15,15,17,7,0	26,7,15,15,17,11,7	Poison:80:1	shell=Wide:3
16	13	Eclipse Gunlance	22,11,11,11,22,11,0	22,11,11,11,22,13,9	Poison:150:0	shell=Wide:4
16	14	Alioth's Asterism	22,11,11,11,22,13,9	22,11,11,11,22,13,9	Poison:200:0	shell=Wide:5
16	15	Virnar Gunlance	20,15,15,24,9,4,0	20,15,15,24,9,15,0	Para:140:1	shell=Long:3
16	16	End of Night	9,13,17,28,13,7,0	9,13,17,28,13,13,4	Para:190:1	shell=Long:4
16	17	Red Rook	17,15,9,24,0,0,0	17,15,9,30,4,0,0	Fire:150:0	shell=Long:2
16	18	Red Rook+	4,15,37,17,2,0,0	4,15,37,17,13,0,0	Fire:250:0	shell=Long:3
16	19	Crimson Rook	4,4,46,22,11,0,0	4,4,46,22,11,11,0	Fire:280:0	shell=Long:3
16	20	Silver Rook	9,7,28,24,15,4,0	9,7,28,24,15,11,4	Dragon:280:0	shell=Long:3
16	21	Chariot Gun	9,17,15,22,17,7,0	9,17,15,22,17,11,7	Dragon:300:0	shell=Long:4
16	22	World's Demise	13,11,24,20,13,7,0	13,11,24,20,13,11,7	Dragon:320:0	shell=Long:5
16	23	Ancient Gyrelance	22,15,15,22,2,0,0	22,15,15,22,13,0,0	Slime:200:1	shell=Wide:2
16	24	Ancient Gyresmite	22,15,15,22,13,0,0	22,15,15,22,15,9,0	Slime:300:1	shell=Wide:3
16	25	Progenesis	4,13,17,33,13,7,0	4,13,17,33,13,13,4	Slime:380:1	shell=Wide:4
16	26	Type 62 Stormlance	9,11,17,17,0,0,0	9,11,17,28,0,0,0	Water:100:0	shell=Wide:2
16	27	Assault Stormlance	17,15,15,24,4,0,0	17,15,15,24,11,4,0	Water:200:0	shell=Wide:3
16	28	War Marshal	17,15,15,24,11,4,0	17,15,15,24,11,15,0	Water:260:0	shell=Wide:3
16	29	Shattershot	22,11,11,22,0,0,0	22,11,11,33,0,0,0	Para:170:0	shell=Long:2
16	30	Shatter Ace	20,15,15,22,4,0,0	20,15,15,22,15,0,0	Para:220:0	shell=Long:2
16	31	Shatter God	20,15,4,30,2,4,0	20,15,4,30,2,15,0	Para:240:0	shell=Long:3
16	32	Lagia Burst	9,9,20,17,0,0,0	9,9,20,28,0,0,0	Thunder:150:0	shell=Long:1
16	33	Lagia Burst+	22,11,11,22,0,0,0	22,11,11,33,0,0,0	Thunder:170:0	shell=Long:2
16	34	Exlagia Gunlance	20,15,15,22,4,0,0	20,15,15,22,15,0,0	Thunder:210:0	shell=Long:2
16	35	Neo Lagia Burst	9,17,17,24,9,0,0	9,17,17,24,13,7,0	Thunder:250:0	shell=Long:3
16	36	Eutaxy Whitebolt	4,17,33,17,15,0,0	4,17,33,17,15,11,0	Thunder:320:0	shell=Long:4
16	37	Eutaxy Whitebolt+	11,7,28,22,17,2,0	11,7,28,22,17,11,2	Thunder:360:0	shell=Long:4
16	38	Nether Gunlance	22,11,22,11,17,4,0	22,11,22,11,17,11,4	Thunder:400:0	shell=Long:4
16	39	Nether Jugulus	4,11,37,13,13,9,0	4,11,37,13,13,11,9	Thunder:420:0	shell=Long:5
16	40	Dios Gunlance	22,11,22,22,0,0,0	22,11,22,30,2,0,0	Slime:250:0	shell=Wide:2
16	41	Dios Gunlance+	4,24,24,17,7,0,0	4,24,24,17,11,7,0	Slime:310:0	shell=Wide:2
16	42	Demolition Gunlance	4,24,24,17,11,7,0	4,24,24,17,11,11,7	Slime:340:0	shell=Long:3
16	43	Zvolta Demolisher	11,13,17,13,22,11,0	11,13,17,13,22,13,9	Slime:380:0	shell=Long:4
16	44	Lagomberator	15,7,9,13,0,0,0	15,7,9,24,0,0,0	Ice:180:0	shell=Wide:1
16	45	Lagomberatrix	17,4,22,20,2,0,0	17,4,22,20,13,0,0	Ice:260:0	shell=Wide:3
16	46	Lagombalanche	15,7,22,20,13,0,0	15,7,22,20,15,9,0	Ice:310:0	shell=Wide:3
16	47	Flamethrower	9,9,20,17,0,0,0	9,9,20,28,0,0,0	Fire:210:0	shell=Long:2
16	48	Flamethrower+	20,13,9,24,0,0,0	20,13,9,30,4,0,0	Fire:300:0	shell=Long:2
16	49	Agna Magma	13,4,24,22,13,0,0	13,4,24,22,22,2,0	Fire:350:0	shell=Long:3
16	50	Agna Vulcan	13,4,24,22,22,2,0	13,4,24,22,22,13,0	Fire:410:0	shell=Long:3
16	51	Causta Agnavulcan	26,4,9,20,22,7,0	26,4,9,20,22,11,7	Fire:450:0	shell=Long:4
16	52	Waterthrower	20,22,11,17,7,0,0	20,22,11,17,9,9,0	Water:340:0	shell=Normal:2
16	53	Agna Aqua	43,4,13,17,7,2,0	43,4,13,17,7,11,2	Water:390:0	shell=Normal:3
16	54	Rheo Agnacorso	17,22,13,15,11,9,0	17,22,13,15,11,11,9	Water:430:0	shell=Normal:5
16	55	Bone Gunlance	15,7,11,0,0,0,0	15,7,22,0,0,0,0		shell=Normal:1
16	56	Great Bone Gunlance	4,4,35,0,0,0,0	4,4,39,7,0,0,0		shell=Normal:1
16	57	Wyvern Bone Gunlance	4,7,39,4,0,0,0	4,7,39,15,0,0,0		shell=Normal:1
16	58	Barroth Loader	11,9,26,9,0,0,0	11,9,26,20,0,0,0		shell=Long:2
16	59	Barroth Loader+	17,15,9,13,0,0,0	17,15,9,24,0,0,0		shell=Long:3
16	60	Rugged Loader	24,9,11,22,0,0,0	24,9,11,33,0,0,0		shell=Long:3
16	61	Roscasludge	17,9,20,26,4,0,0	17,9,20,26,15,0,0		shell=Long:3
16	62	Roscascarp	17,7,20,20,13,0,0	17,7,20,20,15,9,0		shell=Long:4
16	63	Vaskaclast	17,7,20,20,2,0,0	17,7,20,20,13,0,0	Ice:200:0	shell=Normal:3
16	64	Vaskaclast+	9,17,15,15,9,0,0	9,17,15,15,20,0,0	Ice:350:0	shell=Normal:3
16	65	Roscaghast	22,11,22,11,11,0,0	22,11,22,11,20,2,0	Ice:450:0	shell=Normal:3
16	66	Roscavalanche	22,15,17,9,11,2,0	22,15,17,9,11,13,0	Ice:500:0	shell=Normal:4
16	67	Jaggid Gunlance	4,17,22,0,0,0,0	4,17,30,2,0,0,0	Poison:80:1	shell=Long:1
16	68	Jaggid Gunlance+	7,15,17,4,0,0,0	7,15,17,15,0,0,0	Poison:140:1	shell=Long:1
16	69	Hurricane Gunlance	9,17,17,11,0,0,0	9,17,17,22,0,0,0	Poison:180:1	shell=Long:2
16	70	Princess Panoply	37,2,4,22,0,0,0	37,2,4,28,4,0,0	Poison:200:0	shell=Normal:3
16	71	Princess Panoply+	37,2,4,28,4,0,0	37,2,4,28,7,9,0	Poison:250:0	shell=Normal:3
16	72	Ortlinde	13,7,28,24,11,4,0	13,7,28,24,11,15,0	Poison:300:0	shell=Normal:4
16	73	Queen's Panoply	20,7,26,15,13,7,0	20,7,26,15,13,13,4	Poison:380:0	shell=Normal:4
16	74	Shining Ishtar	4,11,37,13,13,9,0	4,11,37,13,13,11,9	Poison:450:0	shell=Normal:5
16	75	Usurper's Roar	15,7,22,20,2,0,0	15,7,22,20,13,0,0	Thunder:150:0	shell=Normal:3
16	76	Despot's Phlogiston	11,15,17,22,11,0,0	11,15,17,22,17,4,0	Thunder:170:0	shell=Normal:3
16	77	Oppressor's Skyfall	9,13,17,11,24,13,0	9,13,17,11,24,22,2	Thunder:280:0	shell=Normal:4
16	78	Brimstren Drakeblood	20,9,24,15,13,7,0	20,9,24,15,13,13,4	Dragon:300:1	shell=Wide:3
16	79	Stygian Avaritia	37,2,4,26,7,11,0	37,2,4,26,7,13,9	Dragon:400:1	shell=Wide:4
16	80	Peco Teepee	11,11,26,7,0,0,0	11,11,26,17,0,0,0	Fire:120:0	shell=Normal:1
16	81	Peco Teepee+	15,15,9,15,0,0,0	15,15,9,26,0,0,0	Fire:180:0	shell=Normal:2
16	82	Dreamy Teepee	7,7,22,20,0,0,0	7,7,22,30,0,0,0	Fire:240:0	shell=Normal:3
16	83	Thunder Feather	9,7,28,22,0,0,0	9,7,28,24,9,0,0	Thunder:350:0	shell=Long:3
16	84	Thunderbird	15,7,22,20,2,0,0	15,7,22,20,13,0,0	Thunder:400:0	shell=Long:3
16	85	Thunder Ark	20,9,24,15,9,0,0	20,9,24,15,13,7,0	Thunder:450:0	shell=Long:3
16	86	Marine Fisher	20,15,15,15,0,0,0	20,15,15,24,2,0,0	Water:200:0	shell=Long:2
16	87	Abyssal Fisher	20,15,15,24,2,0,0	20,15,15,24,13,0,0	Water:250:0	shell=Long:2
16	88	Deep Blue Sea	9,9,17,37,11,4,0	9,9,17,37,11,15,0	Water:270:0	shell=Long:3
16	89	Leviathan Gunlance	15,9,11,33,15,4,0	15,9,11,33,15,11,4	Water:290:0	shell=Long:3
16	90	Diviathan Gunlance	26,4,9,20,22,7,0	26,4,9,20,22,11,7	Water:310:0	shell=Long:4
16	91	Ravenous Gunlance	22,11,22,11,11,0,0	22,11,22,11,20,2,0	Dragon:100:1	shell=Long:2
16	92	Insatiable Gunlance	4,13,43,13,13,0,0	4,13,43,13,13,11,0	Dragon:120:1	shell=Long:2
16	93	Nero's Greed	22,11,22,11,20,2,0	22,11,22,11,20,9,4	Dragon:170:1	shell=Long:3
16	94	Fangbreaker	17,9,17,22,0,0,0	17,9,17,28,4,0,0	Dragon:120:0	shell=Normal:3
16	95	Fangdemonium	37,11,4,2,11,0,0	37,11,4,2,15,7,0	Dragon:180:0	shell=Normal:4
16	96	Jhen Mortalis	30,11,4,2,20,20,0	30,11,4,2,20,26,4	Dragon:250:0	shell=Normal:5
16	97	Worn Gunlance	22,11,0,0,0,0,0	22,20,2,0,0,0,0	Dragon:50:1	shell=Wide:2
16	98	Weathered Gunlance	17,22,4,0,0,0,0	17,22,13,2,0,0,0	Dragon:50:1	shell=Wide:2
16	99	Obelisk	24,13,11,13,15,0,0	24,13,11,13,24,2,0	Dragon:380:0	shell=Wide:3
16	100	Deus Obelisk	24,13,11,13,24,2,0	24,13,11,13,24,13,0	Dragon:420:0	shell=Wide:4
16	101	Megiddo Forge	22,11,11,11,22,0,0	22,11,11,11,22,7,4	Fire:500:0	shell=Wide:4
16	102	The Disasualty	22,11,11,11,22,7,4	22,11,11,11,22,7,15	Fire:620:0	shell=Wide:5
16	103	Felyoshka	15,7,22,0,0,0,0	15,7,22,11,0,0,0	Para:240:0	shell=Normal:2
16	104	Felyoshka+	20,22,11,2,0,0,0	20,22,11,13,0,0,0	Para:280:0	shell=Normal:3
16	105	Felicitous Felyoshka	7,15,33,11,0,0,0	7,15,33,17,2,2,0	Para:300:0	shell=Normal:3
16	106	Cornpopper	13,9,11,22,0,0,0	13,9,11,33,0,0,0	Slime:380:1	shell=Wide:3
16	107	Cornpopper+	11,9,9,37,0,0,0	11,9,9,39,9,0,0	Slime:440:1	shell=Wide:3
16	108	Mighty Cornpopper	20,15,15,22,15,0,0	20,15,15,22,20,7,0	Slime:500:1	shell=Wide:5
16	115	Baron's Blazon	26,4,9,15,0,0,0	26,4,9,20,7,0,0		shell=Normal:3
16	116	Marquis's Blazon	26,4,9,20,17,0,0	26,4,9,20,22,7,0		shell=Normal:4
16	117	Duke's Blazon	11,11,4,28,17,11,4	11,11,4,28,17,11,15		shell=Normal:4
16	118	Lightning Blaze	22,9,15,15,20,7,0	22,9,15,15,20,11,7	Thunder:450:0	shell=Wide:5
18	1	Matched Slicers	20,9,4,0,0,0,0	20,9,15,0,0,0,0	Ice:50:1	
18	2	Matched Slicers+	15,9,9,0,0,0,0	15,9,20,0,0,0,0	Ice:50:1	
18	3	Dual Slicers	17,15,9,2,0,0,0	17,15,9,13,0,0,0	Ice:50:1	
18	4	Dual Hatchets	15,13,9,7,0,0,0	15,13,9,17,0,0,0	Ice:80:1	
18	5	Dual Hatchets+	11,15,17,11,0,0,0	11,15,17,22,0,0,0	Ice:80:1	
18	6	Dual Cleavers+	15,7,22,11,0,0,0	15,7,22,20,2,0,0	Ice:100:1	
18	7	Hurricane	11,9,26,20,0,0,0	11,9,26,26,4,0,0	Ice:100:1	
18	8	Hurricane+	15,7,22,20,2,0,0	15,7,22,20,13,0,0	Ice:120:1	
18	9	Cyclone	11,9,26,26,4,0,0	11,9,26,26,11,4,0	Ice:140:1	
18	10	Tornado Hatchets	26,4,9,22,15,0,0	26,4,9,22,20,7,0	Ice:200:1	
18	11	Typhoon	11,11,11,22,28,4,0	11,11,11,22,28,15,0	Ice:250:1	
18	12	Dios Slicers	26,11,9,15,4,0,0	26,11,9,15,15,0,0	Slime:170:0	
18	13	Dios Slicers+	11,13,15,15,11,0,0	11,13,15,15,20,2,0	Slime:200:0	
18	14	Demolition Blades	11,13,15,15,20,2,0	11,13,15,15,20,13,0	Slime:230:0	
18	15	Spectral Demolisher	11,13,15,15,20,13,0	11,13,15,15,20,17,7	Slime:270:0	
18	16	Sworn Rapiers	11,15,17,22,0,0,0	11,15,17,22,11,0,0	Water:70:0	
18	17	Sworn Rapiers+	11,9,26,26,4,0,0	11,9,26,26,11,4,0	Water:90:0	
18	18	Holy Sabers	13,11,24,20,9,0,0	13,11,24,20,13,7,0	Water:110:0	
18	19	Guild Knight Sabers	13,4,22,22,22,4,0	13,4,22,22,22,15,0	Water:130:0	
18	20	Master Sabers	22,4,4,9,26,22,0	22,4,4,9,26,26,7	Water:150:0	
18	21	Twin Chainsaws	9,13,17,15,0,0,0	9,13,17,26,0,0,0	Thunder:70:0	
18	22	Twin Chainsaws+	17,4,7,26,0,0,0	17,4,7,37,0,0,0	Thunder:90:0	
18	23	Guillotines	7,4,37,26,2,0,0	7,4,37,26,13,0,0	Thunder:110:0	
18	24	Golem's Saws	11,11,11,22,22,0,0	11,11,11,22,28,4,0	Thunder:130:0	
18	25	Golem's Maneaters	9,13,17,11,24,13,0	9,13,17,11,24,22,2	Thunder:150:0	
18	26	Type 51 Macerators	9,13,17,26,0,0,0	9,13,17,28,9,0,0	Water:200:1	
18	27	Deathsnarfs	20,17,17,17,4,0,0	20,17,17,17,11,4,0	Water:230:1	
18	28	Uber Deathsnarfs	26,11,11,11,26,2,0	26,11,11,11,26,13,0	Water:280:1	
18	29	Insecticutters	9,13,17,15,0,0,0	9,13,17,26,0,0,0	Dragon:50:0	
18	30	Insecticutters+	9,9,20,17,0,0,0	9,9,20,28,0,0,0	Dragon:80:0	
18	31	Insectirippers	11,11,11,22,11,0,0	11,11,11,22,22,0,0	Dragon:100:0	
18	32	Insectiscythes	11,11,11,22,22,0,0	11,11,11,22,28,4,0	Dragon:150:0	
18	33	Entomotheos	11,11,11,22,28,4,0	11,11,11,22,28,15,0	Dragon:200:0	
18	34	Gobul Stunprongs	7,4,39,15,0,0,0	7,4,39,24,2,0,0	Para:150:0	
18	35	Gobul Stunprongs+	22,9,15,15,4,0,0	22,9,15,15,15,0,0	Para:170:0	
18	36	Plegion Stunsword	22,11,11,11,22,0,0	22,11,11,11,33,0,0	Para:190:0	
18	37	Jaggid Shotels	15,7,9,2,0,0,0	15,7,9,13,0,0,0	Poison:150:1	
18	38	Jaggid Shotels+	15,13,9,7,0,0,0	15,13,9,17,0,0,0	Poison:170:1	
18	39	Leader's Shotels	9,13,17,15,0,0,0	9,13,17,26,0,0,0	Poison:200:1	
18	40	Flamestorm	11,7,26,11,0,0,0	11,7,26,15,7,0,0	Fire:200:0	
18	41	Flamestorm+	15,7,15,15,2,0,0	15,7,15,15,13,0,0	Fire:230:0	
18	42	Salamanders	7,13,35,17,4,0,0	7,13,35,17,15,0,0	Fire:260:0	
18	43	Ignis Noire	41,2,4,26,11,2,0	41,2,4,26,11,13,0	Fire:300:0	
18	44	Agnaktor Inferno	24,22,9,15,9,9,0	24,22,9,15,9,17,2	Fire:340:0	
18	45	Dichotomy	11,13,17,9,15,0,0	11,13,17,9,15,11,0	Fire:140:0;Ice:250:0	
18	46	Elemenders	9,9,7,28,30,4,0	9,9,7,28,30,15,0	Fire:150:0;Ice:360:0	
18	47	Twin Acrus	11,9,26,9,0,0,0	11,9,26,20,0,0,0	Thunder:100:0	
18	48	Twin Acrus+	13,7,9,26,0,0,0	13,7,9,37,0,0,0	Thunder:110:0	
18	49	Levin Acrus	13,7,9,37,11,0,0	13,7,9,37,22,0,0	Thunder:130:0	
18	50	Neo Twin Acrus	9,13,15,30,7,2,0	9,13,15,30,7,13,0	Thunder:150:0	
18	51	Neo Acrus Whitebolt	9,13,17,30,4,13,0	9,13,17,30,4,20,4	Thunder:180:0	
18	52	Bone Scythes	7,15,11,0,0,0,0	7,15,22,0,0,0,0	Poison:80:1	
18	53	Bone Scythes+	7,15,22,0,0,0,0	7,15,33,0,0,0,0	Poison:100:1	
18	54	Chief's Scythes	7,15,33,0,0,0,0	7,15,35,9,0,0,0	Poison:130:1	
18	55	Ludroth Pair	11,9,26,9,0,0,0	11,9,26,20,0,0,0	Water:120:0	
18	56	Ludroth Pair+	9,7,20,20,0,0,0	9,7,20,30,0,0,0	Water:150:0	
18	57	Double Droth	20,7,9,30,0,0,0	20,7,9,41,0,0,0	Water:200:0	
18	58	Hidden Gemini	11,7,28,22,9,0,0	11,7,28,22,17,2,0	Para:50:1	
18	59	Night Wings	15,7,22,20,13,0,0	15,7,22,20,15,9,0	Para:70:1	
18	60	Virnar Slicers	11,15,17,22,17,4,0	11,15,17,22,17,11,4	Para:90:1	
18	61	Midnight Blackwings	22,9,15,15,20,7,0	22,9,15,15,20,11,7	Para:110:1	
18	62	Eclipse Slicers	22,11,11,11,22,11,0	22,11,11,11,22,13,9	Poison:150:0	
18	63	Alkaid's Asterism	22,11,11,11,22,13,9	22,11,11,11,22,13,9	Poison:180:0	
18	64	Usurper's Fulgur	13,7,22,22,2,0,0	13,7,22,22,13,0,0	Thunder:150:0	
18	65	Despot's Blitz	9,13,17,28,9,0,0	9,13,17,28,13,7,0	Thunder:220:0	
18	66	Oppressor's Miracle	9,13,17,11,22,4,0	9,13,17,11,22,15,0	Thunder:270:0	
18	67	Nether Twinblades	13,7,11,7,24,15,0	13,7,11,7,24,26,0	Thunder:310:0	
18	68	Nether Confidants	13,7,11,7,24,26,0	13,7,11,7,24,30,7	Thunder:360:0	
18	69	Brimstren Drakeclaws	26,22,11,13,7,9,0	26,22,11,13,7,13,7	Thunder:200:0;Dragon:300:0	
18	70	Stygian Superbia	22,15,17,9,11,13,0	22,15,17,9,11,15,9	Thunder:240:0;Dragon:340:0	
18	71	Plesioth Cutlasses	11,9,26,20,0,0,0	11,9,26,26,4,0,0	Water:230:0	
18	72	Plesioth Cutlasses+	15,7,22,20,2,0,0	15,7,22,20,13,0,0	Water:270:0	
18	73	Plesioth Machetes	7,13,33,20,4,0,0	7,13,33,20,15,0,0	Water:300:0	
18	74	Verdant Slashers	7,4,39,24,13,0,0	7,4,39,24,13,11,0	Water:360:0	
18	75	Alluvion Slashers	15,7,9,33,24,0,0	15,7,9,33,24,4,7	Water:420:0	
18	76	Jade Plesioth Fans	11,7,26,22,11,0,0	11,7,26,22,17,4,0	Sleep:170:0	
18	77	Jade Battlefanzers	15,7,22,20,13,0,0	15,7,22,20,15,9,0	Sleep:200:0	
18	78	Bloodwings	15,9,11,20,0,0,0	15,9,11,30,0,0,0	Poison:160:0	
18	79	Bloodwings+	15,7,7,26,0,0,0	15,7,7,37,0,0,0	Poison:200:0	
18	80	Venom Wings	17,9,24,22,4,0,0	17,9,24,22,13,2,0	Poison:250:0	
18	81	Grimgrim Wings	11,13,15,15,20,2,0	11,13,15,15,20,13,0	Poison:280:0	
18	82	Grimmest Noxwings	26,4,9,20,22,7,0	26,4,9,20,22,11,7	Poison:320:0	
18	83	Boltgeist	20,15,15,22,4,0,0	20,15,15,22,15,0,0	Thunder:200:0	
18	84	Double Boltwings	26,11,9,11,20,0,0	26,11,9,11,28,2,0	Thunder:270:0	
18	85	Double Deathbolts	7,11,9,11,39,0,0	7,11,9,11,41,9,0	Thunder:300:0	
18	86	Brother Flames	11,7,26,22,0,0,0	11,7,26,24,9,0,0	Fire:120:0	
18	87	Brother Blazes	13,7,22,22,2,0,0	13,7,22,22,13,0,0	Fire:140:0	
18	88	Wyvern Lovers	15,9,11,33,9,0,0	15,9,11,33,15,4,0	Fire:160:0	
18	89	Wyvern Strife	41,4,11,15,9,7,0	41,4,11,15,9,13,4	Fire:200:0	
18	90	Wyvern Conciliation	9,9,33,15,9,13,0	9,9,33,15,9,17,7	Fire:230:0	
18	91	Snow Slicers	11,7,28,9,0,0,0	11,7,28,20,0,0,0	Ice:120:0	
18	92	Snow Slicers+	7,4,39,15,0,0,0	7,4,39,24,2,0,0	Ice:140:0	
18	93	Snow Sisters	11,15,17,22,0,0,0	11,15,17,22,11,0,0	Ice:160:0	
18	94	Blizzarioths	13,7,22,22,2,0,0	13,7,22,22,13,0,0	Ice:180:0	
18	95	Blizzarioths+	20,13,17,22,4,0,0	20,13,17,22,15,0,0	Ice:200:0	
18	96	Raider's Icecarvers	13,9,11,35,11,9,0	13,9,11,35,11,15,4	Ice:220:0	
18	97	Ventus Vindictus	22,11,20,33,2,0,0	22,11,20,33,13,0,0	Fire:120:1	
18	98	Raider's Savagery	22,11,11,39,4,0,0	22,11,11,39,4,4,7	Fire:150:1	
18	99	Diablos Bashers	24,24,9,9,0,0,0	24,24,9,13,7,0,0		
18	100	Diablos Bashers+	22,11,22,11,0,0,0	22,11,22,11,11,0,0		
18	101	Diablos Mashers	11,17,17,20,0,0,0	11,17,17,20,11,0,0		
18	102	Diablos Sinidex	9,11,15,30,11,0,0	9,11,15,30,15,7,0		
18	103	Sinistrus Dextraos	11,13,17,13,22,0,0	11,13,17,13,22,11,0		
18	104	Wrath & Rancor	22,15,13,22,4,0,0	22,15,13,22,15,0,0	Dragon:100:0	
18	105	Wrathful Predation	43,4,11,15,9,4,0	43,4,11,15,9,11,4	Dragon:140:0	
18	106	Nero's Wrath	24,11,24,11,15,2,0	24,11,24,11,15,9,4	Dragon:160:0	
18	107	Worn Blades	22,11,0,0,0,0,0	22,15,7,0,0,0,0	Dragon:100:1	
18	108	Weathered Blades	22,15,7,0,0,0,0	22,15,17,0,0,0,0	Dragon:100:1	
18	109	Enduring Schism	20,15,4,30,2,4,0	20,15,4,30,2,15,0	Dragon:420:0	
18	110	Enduring Sacrifice	20,15,4,30,2,15,0	20,15,4,30,2,26,0	Dragon:480:0	
18	111	Mercury Edges	22,9,15,15,4,0,0	22,9,15,15,15,0,0	Water:120:0	
18	112	Neptune Edges	22,9,15,15,15,0,0	22,9,15,15,20,7,0	Water:160:0	
18	113	Pelagic Deublades	22,9,15,15,20,7,0	22,9,15,15,20,11,7	Water:200:0	
18	114	Shaka Scarecrows	7,13,35,17,4,0,0	7,13,35,17,15,0,0	Para:200:0	
18	115	Chum Scarecrows	7,13,35,17,4,0,0	7,13,35,17,15,0,0	Para:220:0	
18	116	Chum-Chum Scarecrows	7,13,35,17,15,0,0	7,13,35,17,15,11,0	Para:250:0	
18	117	Glutton's Tools	15,13,9,7,0,0,0	15,13,9,17,0,0,0	Ice:50:1	
18	118	Gorger's Tools	22,11,15,7,0,0,0	22,11,15,13,4,0,0	Ice:100:1	
18	119	Stewbry Stirfoils	26,4,9,15,0,0,0	26,4,9,20,7,0,0	Ice:180:1	
18	120	Deepshake Frybakers	26,4,9,20,7,0,0	26,4,9,20,17,0,0	Ice:220:1	
18	121	Megiddo Nova	22,11,11,11,22,0,0	22,11,11,11,22,7,4	Fire:400:0	
18	122	The Fistolution	22,11,11,11,22,7,4	22,11,11,11,22,7,15	Fire:450:0	
18	126	Bushido	57,9,9,7,2,2,2	57,9,9,7,2,2,13	Slime:180:1	
19	1	Metal Bagpipe	7,4,22,0,0,0,0	7,4,33,0,0,0,0	Ice:50:1	notes=red,blue,white
19	2	Metal Bagpipe+	7,4,33,0,0,0,0	7,4,37,7,0,0,0	Ice:80:1	notes=red,blue,white
19	3	Great Bagpipe	7,4,37,7,0,0,0	7,4,37,17,0,0,0	Ice:100:1	notes=red,blue,white
19	4	Heavy Bagpipe	11,15,17,11,0,0,0	11,15,17,22,0,0,0	Ice:120:1	notes=red,blue,white
19	5	Heavy Bagpipe+	7,4,37,17,0,0,0	7,4,37,26,2,0,0	Ice:150:1	notes=red,blue,white
19	6	Fortissimo	11,7,28,20,0,0,0	11,7,28,22,9,0,0	Ice:200:1	notes=red,blue,white
19	7	Rinforzato	22,20,15,9,15,7,0	22,20,15,9,15,17,0	Ice:250:1	notes=red,blue,purple
19	8	Usurper's Growl	13,7,22,22,2,0,0	13,7,22,22,13,0,0	Thunder:200:0	notes=red,blue,white
19	9	Despot's Thunderclap	13,7,22,22,13,0,0	13,7,22,22,22,2,0	Thunder:240:0	notes=red,blue,white
19	10	Brimstren Drakesong	30,2,4,26,9,4,0	30,2,4,26,9,13,2	Dragon:280:0	notes=sky,blue,purple
19	11	Stygian Tristitia	37,2,4,26,7,11,0	37,2,4,26,7,13,9	Dragon:320:0	notes=sky,blue,purple
19	12	Hidden Harmonic	7,13,35,17,4,0,0	7,13,35,17,15,0,0	Poison:200:1	notes=red,blue,white
19	13	Cry in the Night	13,9,11,35,11,9,0	13,9,11,35,11,15,4	Poison:220:1	notes=red,blue,purple
19	14	Eclipse Tone	13,9,11,35,11,15,4	13,9,11,35,11,15,4	Poison:240:1	notes=sky,yellow,purple
19	15	Qurupeco Horn	26,4,9,4,0,0,0	26,4,9,15,0,0,0	Fire:200:0	notes=green,yellow,white
19	16	Qurupeco Trumpet	22,9,15,9,0,0,0	22,9,15,15,4,0,0	Fire:300:0	notes=green,yellow,white
19	17	Qurupeco Honker	13,7,22,22,2,0,0	13,7,22,22,13,0,0	Fire:360:0	notes=green,yellow,white
19	18	Magnifico Trumpet	7,7,30,24,4,4,0	7,7,30,24,4,15,0	Fire:420:0	notes=green,yellow,purple
19	19	Imperilude	24,22,11,13,11,7,0	24,22,11,13,11,15,2	Fire:480:0	notes=green,yellow,purple
19	20	Type 63 Warmonica	13,11,24,17,0,0,0	13,11,24,20,9,0,0	Water:180:0	notes=green,yellow,white
19	21	Snarfonix	17,9,24,22,4,0,0	17,9,24,22,13,2,0	Water:220:0	notes=green,yellow,white
19	22	Soldier's Snarfonica	11,15,17,22,17,4,0	11,15,17,22,17,11,4	Water:300:0	notes=green,yellow,purple
19	23	Sandpipe	13,9,11,11,0,0,0	13,9,11,22,0,0,0	Ice:250:1	notes=yellow,blue,white
19	24	Sandcrier	13,9,11,22,0,0,0	13,9,11,33,0,0,0	Ice:300:1	notes=yellow,blue,white
19	25	Sandscreecher	22,15,17,9,2,0,0	22,15,17,9,11,2,0	Ice:340:1	notes=yellow,blue,white
19	26	Sandsinger	22,15,17,9,11,2,0	22,15,17,9,11,13,0	Ice:440:1	notes=yellow,blue,purple
19	27	Sandsoother	4,11,37,13,13,9,0	4,11,37,13,13,11,9	Ice:480:1	notes=yellow,blue,purple
19	28	Ice Kazoo	17,15,9,24,0,0,0	17,15,9,30,4,0,0	Ice:100:0	notes=yellow,blue,white
19	29	Glacial Kazoo	15,9,26,20,7,0,0	15,9,26,20,13,4,0	Ice:160:0	notes=yellow,blue,white
19	30	Frost Groaner	17,9,24,22,13,2,0	17,9,24,22,13,11,2	Ice:200:0	notes=orange,blue,purple
19	31	Frost General	15,7,22,20,15,9,0	15,7,22,20,15,13,7	Ice:240:0	notes=orange,blue,purple
19	32	Agnakdion	7,4,37,26,2,0,0	7,4,37,26,13,0,0	Fire:190:0	notes=sky,blue,white
19	33	Brandoneon	11,7,28,22,9,0,0	11,7,28,22,17,2,0	Fire:260:0	notes=sky,blue,white
19	34	Scaldertina	11,7,28,22,17,2,0	11,7,28,22,17,11,2	Fire:350:0	notes=orange,blue,purple
19	35	Bone Horn	17,9,7,0,0,0,0	17,9,17,0,0,0,0	Poison:50:1	notes=sky,red,white
19	36	Bone Horn+	17,9,17,0,0,0,0	17,9,24,4,0,0,0	Poison:80:1	notes=sky,red,white
19	37	Hunter's Horn	9,9,20,7,0,0,0	9,9,20,17,0,0,0	Poison:120:1	notes=sky,red,white
19	38	Hunter's Horn+	17,15,9,13,0,0,0	17,15,9,24,0,0,0	Poison:150:1	notes=sky,red,white
19	39	Swell Shell	43,2,4,15,0,0,0	43,2,4,24,2,0,0	Water:200:1	notes=sky,red,white
19	40	Vertex Shell	22,9,15,15,4,0,0	22,9,15,15,15,0,0	Water:240:1	notes=sky,red,white
19	41	Turban Shell	7,15,35,15,2,2,0	7,15,35,15,2,13,0	Water:280:1	notes=orange,red,purple
19	42	Zurogong Primo	7,4,22,0,0,0,0	7,4,33,0,0,0,0		notes=sky,blue,white
19	43	Zurogong Secundo	4,11,28,0,0,0,0	4,11,37,2,0,0,0		notes=sky,blue,white
19	44	Zurogong Tertio	37,4,17,11,7,0,0	37,4,17,11,15,2,0		notes=sky,blue,white
19	45	Bariguiro	15,13,9,28,0,0,0	15,13,9,35,4,0,0	Ice:150:0	notes=green,blue,white
19	46	Algiguiro	20,15,17,17,7,0,0	20,15,17,17,13,4,0	Ice:220:0	notes=green,blue,white
19	47	Frigiguiro	20,15,17,17,13,4,0	20,15,17,17,13,15,0	Ice:340:0	notes=green,blue,purple
19	48	Brazengaita	7,7,37,4,0,0,0	7,7,37,15,0,0,0	Fire:180:1	notes=green,blue,white
19	49	Gigas Gaita	22,11,11,22,0,0,0	22,11,11,33,0,0,0	Fire:200:1	notes=green,blue,white
19	50	Archgigas Gaita	15,9,26,20,13,4,0	15,9,26,20,13,15,0	Fire:240:1	notes=green,blue,purple
19	51	Droth Drone	13,11,24,7,0,0,0	13,11,24,17,0,0,0	Water:120:0	notes=yellow,red,white
19	52	Droth Drone+	13,7,22,13,0,0,0	13,7,22,22,2,0,0	Water:150:0	notes=yellow,red,white
19	53	Droth Roar	24,22,11,13,7,0,0	24,22,11,13,11,7,0	Water:220:0	notes=yellow,red,white
19	54	Black Coffin	15,13,9,17,0,0,0	15,13,9,28,0,0,0	Poison:260:0	notes=yellow,red,white
19	55	Shadow Coffin	9,13,17,26,0,0,0	9,13,17,28,9,0,0	Poison:320:0	notes=yellow,red,white
19	56	Darkest Coffin	24,22,11,13,11,7,0	24,22,11,13,11,15,2	Poison:420:0	notes=yellow,red,purple
19	57	Bloodstopper	7,4,37,26,2,0,0	7,4,37,26,13,0,0	Para:200:0	notes=yellow,red,white
19	58	Bloodcurtler	37,4,17,11,15,2,0	37,4,17,11,15,13,0	Para:240:0	notes=yellow,red,purple
19	59	Bloodfreezer	22,20,15,9,15,7,0	22,20,15,9,15,17,0	Para:280:0	notes=yellow,red,purple
19	60	Valkyrie Chordmaker	11,15,17,11,0,0,0	11,15,17,22,0,0,0	Fire:150:0	notes=sky,red,white
19	61	Valkyrie Chordmaker+	11,9,26,20,0,0,0	11,9,26,26,4,0,0	Fire:180:0	notes=sky,red,white
19	62	Queen's Chordmaker	15,7,22,20,2,0,0	15,7,22,20,13,0,0	Fire:210:0	notes=sky,red,white
19	63	Coral Chordmaker	15,7,22,20,13,0,0	15,7,22,20,15,9,0	Fire:240:0	notes=orange,red,purple
19	64	Coral Chordmaker+	15,9,26,20,13,4,0	15,9,26,20,13,15,0	Fire:270:0	notes=orange,red,purple
19	65	Gold Chordmaker	15,7,22,20,15,9,0	15,7,22,20,15,13,7	Fire:300:0	notes=sky,green,purple
19	66	Lunar Chordmaker	22,15,17,9,11,13,0	22,15,17,9,11,15,9	Fire:330:0	notes=sky,green,purple
19	67	Vicello Nulo	15,7,9,2,0,0,0	15,7,9,13,0,0,0		notes=sky,yellow,white
19	68	Vicello Unu	15,13,9,7,0,0,0	15,13,9,17,0,0,0		notes=sky,yellow,white
19	69	Vicello Nulo (W)	13,9,11,22,0,0,0	13,9,11,33,0,0,0	Ice:250:0	notes=sky,yellow,white
19	70	Vicello Unu (W)	11,7,28,22,9,0,0	11,7,28,22,17,2,0	Ice:300:0	notes=sky,yellow,white
19	71	Vicello Du (W)	11,9,26,26,13,2,0	11,9,26,26,13,13,0	Ice:380:0	notes=orange,yellow,purple
19	72	Vicello Nulo (Y)	15,7,9,13,0,0,0	15,7,9,24,0,0,0	Thunder:300:0	notes=sky,yellow,white
19	73	Vicello Unu (Y)	9,13,17,26,11,0,0	9,13,17,26,15,7,0	Thunder:460:0	notes=sky,yellow,white
19	74	Vicello Du (Y)	15,9,26,20,13,4,0	15,9,26,20,13,15,0	Thunder:480:0	notes=orange,yellow,purple
19	75	Vicello Nulo (G)	13,7,22,2,0,0,0	13,7,22,13,0,0,0	Para:250:0	notes=sky,yellow,white
19	76	Vicello Unu (G)	17,15,9,13,0,0,0	17,15,9,24,0,0,0	Para:300:0	notes=sky,yellow,white
19	77	Vicello Du (G)	22,15,17,9,2,0,0	22,15,17,9,11,2,0	Para:340:0	notes=sky,yellow,white
19	78	Vicello Tri (G)	7,15,35,15,2,2,0	7,15,35,15,2,13,0	Para:380:0	notes=orange,yellow,purple
19	79	Cindervone	7,13,35,17,4,0,0	7,13,35,17,15,0,0	Fire:100:0	notes=green,red,white
19	80	Scaldrovone	7,13,35,17,15,0,0	7,13,35,17,15,11,0	Fire:130:0	notes=green,red,purple
19	81	Meltrovone	20,9,24,15,13,7,0	20,9,24,15,13,13,4	Fire:150:0	notes=green,red,purple
19	82	Magia Charm	15,7,9,24,0,0,0	15,7,9,35,0,0,0	Dragon:360:0	notes=sky,green,white
19	83	Magia Charmbell	15,13,9,28,0,0,0	15,13,9,35,4,0,0	Dragon:560:0	notes=sky,green,white
19	84	Aria Rhota	11,15,17,22,17,4,0	11,15,17,22,17,11,4	Dragon:600:0	notes=orange,green,purple
19	85	Worn Horn	22,9,2,0,0,0,0	22,9,13,0,0,0,0		notes=green,blue,purple
19	86	Weathered Horn	33,4,7,0,0,0,0	33,4,17,0,0,0,0		notes=green,blue,purple
19	87	Avenir's Music Box	7,4,37,26,13,0,0	7,4,37,26,13,11,0	Dragon:300:0	notes=sky,yellow,purple
19	88	Eternal Music Box	17,15,9,30,11,4,0	17,15,9,30,11,11,4	Dragon:380:0	notes=sky,yellow,purple
19	89	Dios Bell	20,9,24,13,0,0,0	20,9,24,15,9,0,0	Slime:250:0	notes=sky,green,white
19	90	Dios Bell+	24,22,11,13,7,0,0	24,22,11,13,11,7,0	Slime:300:0	notes=sky,green,white
19	91	Demolition Chime	17,9,24,22,13,2,0	17,9,24,22,13,11,2	Slime:320:0	notes=sky,yellow,purple
19	92	Timbral Demolisher	11,15,17,22,17,4,0	11,15,17,22,17,11,4	Slime:350:0	notes=sky,yellow,purple
19	93	Lagia Horn	13,9,11,11,0,0,0	13,9,11,22,0,0,0	Thunder:120:0	notes=green,red,white
19	94	Lagia Horn+	22,9,15,15,4,0,0	22,9,15,15,15,0,0	Thunder:200:0	notes=green,red,white
19	95	Lagia Thunderpeal	22,9,15,15,15,0,0	22,9,15,15,20,7,0	Thunder:240:0	notes=green,red,white
19	96	Nether Flute	4,11,17,9,15,20,0	4,11,17,9,15,30,0	Thunder:280:0	notes=sky,red,purple
19	97	Nether Sinphony	4,11,17,9,15,30,0	4,11,17,9,15,35,7	Thunder:320:0	notes=sky,red,purple
19	98	Megiddo Mode	22,11,11,11,22,0,0	22,11,11,11,22,7,4	Fire:500:0	notes=sky,orange,purple
19	99	The Apocalypso	22,11,11,11,22,7,4	22,11,11,11,22,7,15	Fire:600:0	notes=sky,orange,purple
19	102	Voltage Verve	15,13,9,28,0,0,0	15,13,9,35,4,0,0	Thunder:500:0	notes=blue,yellow,white
19	103	High Voltage Verve	9,13,17,26,11,0,0	9,13,17,26,15,7,0	Thunder:640:0	notes=blue,yellow,purple
